PROPERTY ID,WARD NAME,MOHALLA NAME,HOUSE NO,OWNER NAME,FATHER NAME,ADDRESS,MOBILE NO,PROPERTY USE AS,OLD HOUSE TAX 2025-2026,HOUSE TAX ARRER 2025-2026,OLD WATER TAX 2025-2026,WATER TAX ARRER 2025-2026,OLD WATER TANK TAX 2025-2026,OLD WATER TANK ARRER 2025-2026
1,16- Begampura, Begampura,1,Jamshed,Ismail, Begampura,9412638607,Commercial Self ,97,321,97,321,0,0
2,16- Begampura, Begampura,2,Jamshed,Ismail, Begampura,9412638607,Commercial Self ,97,321,97,321,0,0
3,16- Begampura, Begampura,3,Jamshed,Ismail, Begampura,9412638607,Commercial Self ,97,321,97,321,0,0
4,16- Begampura, Begampura,3/1,Jamshed,Ismail, Begampura,9412638607, -,0,0,0,0,0,0
5,16- Begampura, Begampura,4,Sajila,Maksood, Begampura,7500101111,Commercial Self ,182,0,182,0,0,0
6,16- Begampura, Begampura,5,Sajila,Maksood, Begampura,7500101111,Commercial Self ,182,0,182,0,0,0
7,16- Begampura, Begampura,6,Sajila,Maksood, Begampura,7500101111,Commercial Self ,182,0,182,0,0,0
8,16- Begampura, Begampura,6/1,Sajila,Maksood, Begampura,7500101111,Residential Self ,300,0,300,0,0,0
9,16- Begampura, Begampura,7,Savrajya Rama,Sevaram, Begampura,9758621652,Commercial Self ,73,0,73,0,347,0
10,16- Begampura, Begampura,8,Savrajya Rama,Sevaram, Begampura,9758621652,Commercial Self ,73,0,73,0,0,0
11,16- Begampura, Begampura,9,Savrajya Rama,Sevaram, Begampura,9758621652,Residential Self ,48,0,48,0,0,0
12,16- Begampura, Begampura,10,Savrajya Rama,Sevaram, Begampura,9758621652,Commercial Self ,73,0,73,0,0,0
13,16- Begampura, Begampura,11,"Ghanshyam,Somdatt Sharma",Ravidatt Sharma, Begampura,9997038123,Residential Self ,67,0,67,0,354,354
14,16- Begampura, Begampura,"12,13",Yogendra Kumar Garg,Jagdeesh Parsad Garg, Begampura,9639130590,Residential Self ,133,133,133,133,0,0
15,16- Begampura, Begampura,"12,13/1",Yogendra Kumar Garg,Jagdeesh Parsad Garg, Begampura,9639130590,Residential Self ,133,133,133,133,287,311
16,16- Begampura, Begampura,"12,13/2",Yogendra Kumar Garg,Jagdeesh Parsad Garg, Begampura,9639130590,Residential Self ,133,133,133,133,0,0
17,16- Begampura, Begampura,14,Farukh,Farjand, Begampura,8439883946,Residential Self ,143,300,143,300,277,554
18,16- Begampura, Begampura,14/1,Islam,Navab, Begampura,9759931574,Residential Self ,48,159,48,159,420,1240
19,16- Begampura, Begampura,15,Akhtar Husaun,Rafeek Husain, Begampura,9557880374,Residential Self ,97,0,97,768,420,3116
20,16- Begampura, Begampura,15/A,"Yaseen Urf Nathu,Shameem",Munshi, Begampura,9319025692,Mixed Self ,132,437,132,2476,288,844
21,16- Begampura, Begampura,15/1,Jareef,Ismail, Begampura,-,Residential Self ,48,3708,48,361,0,0
22,16- Begampura, Begampura,16,Parmesh Chand,Sumerchand, Begampura,9760000573,Residential Self ,109,361,109,437,311,914
23,16- Begampura, Begampura,17,Peer Majar,-, Begampura,-,Majar,0,0,0,0,0,0
24,16- Begampura, Begampura,18,Gurudatt Sharma,Balmukund, Begampura,-,Residential Self ,83,0,83,0,0,0
25,16- Begampura, Begampura,18/1,Gurudatt Sharma,Balmukund, Begampura,-,Residential Self ,0,0,0,0,0,0
26,16- Begampura, Begampura,19,Dr Shivdatt Sharma,Balmukund, Begampura,9897293970,Residential Self ,110,0,110,0,0,0
27,16- Begampura, Begampura,20,Dr Shivdatt Sharma,Balmukund, Begampura,9897293970,Residential Self ,0,0,0,0,310,24
28,16- Begampura, Begampura,21,Rashmi Jain,Naveen Chand Jain, Begampura,-, Open plot,0,0,0,0,0,0
29,16- Begampura, Begampura,22,Rakesh Kumar,Shivdatt, Begampura,9760410094,Residential Self ,61,0,61,0,359,0
30,16- Begampura, Begampura,23,"Shivdat Sharma S/O Balmukund Sharma, Sanjay Sharma",Shivdatt, Begampura,9897293970,Residential Self ,77,162,77,162,343,686
31,16- Begampura, Begampura,24,Yaseen,Rehmatulla, Begampura,9184099723,Mixed Self ,88,292,88,292,332,976
32,16- Begampura, Begampura,25,Kailashchand,Madhuram, Begampura,9897660239,Residential Self ,66,1051,66,1051,354,3192
33,16- Begampura, Begampura,26,Mahendra Indar,Roopchand, Begampura,7895718852,Residential Self ,73,0,73,0,347,0
34,16- Begampura, Begampura,27,Shabbir,Saraju, Begampura,9720828333,Residential Self ,73,338,73,338,347,1348
35,16- Begampura, Begampura,28,Basheer,Saraju, Begampura,7669445363,Residential Self ,48,48,48,48,372,396
36,16- Begampura, Begampura,29,Jalaludeen,Naseer Ahmad, Begampura,7533876786,Residential Self ,48,0,48,0,372,0
37,16- Begampura, Begampura,30,"Abdul Ajeej,Javed,Mehboob,Aabid",Rafeek Ahmad, Begampura,9927196475,Residential Self ,48,370,48,370,372,2052
38,16- Begampura, Begampura,31,Mohd Akhtar,Ali Mohammad, Begampura,9760688800,Residential Self ,121,0,121,0,299,510
39,16- Begampura, Begampura,32,Matloob Hasan,Maksood Ahmad, Begampura,9319025692,Residential Self ,61,61,61,61,359,359
40,16- Begampura, Begampura,33,Matloob Hasan,Maksood Ahmad, Begampura,9319025692,Mixed Self ,61,61,61,61,420,1240
41,16- Begampura, Begampura,34,Riyasat,Badrudeen, Begampura,9719111263,Residential Self ,73,563,73,563,347,1902
42,16- Begampura, Begampura,34/1,Riyasat,Badrudeen, Begampura,9719111263,Residential Self ,61,470,61,470,359,3932
43,16- Begampura, Begampura,35,Sajid,Risha, Begampura,9690804000,Mixed Self ,330,1092,330,0,0,0
44,16- Begampura, Begampura,36,Farzana,Mohd. Sajid, Begampura,9917371550,Residential Self ,45,95,45,95,420,840
45,16- Begampura, Begampura,37,Anvar,Karimbakhsh, Begampura,-,Residential Self ,48,48,48,48,420,420
46,16- Begampura, Begampura,38,Karimbakhsh,Navab Bakhsh, Begampura,6396213336,Residential Self ,218,458,218,448,420,840
47,16- Begampura, Begampura,39,Premchand,Musaddilal, Begampura,9569035866,Residential Self ,73,241,73,241,347,1021
48,16- Begampura, Begampura,40,Seeta,Mukesh Kumar, Begampura,9627272223,Residential Self ,48,48,48,48,420,444
49,16- Begampura, Begampura,41,"Govind Kumar,Brijesh Kumar",Roshan Lal, Begampura,9557188785,Commercial Self ,61,0,61,0,359,0
50,16- Begampura, Begampura,41/1,"Govind Kumar,Brijesh Kumar",Roshan Lal, Begampura,9557188785,Commercial Self ,0,0,0,0,0,0
51,16- Begampura, Begampura,41/2,"Govind Kumar,Brijesh Kumar",Roshan Lal, Begampura,9557188785,Residential Self ,87,0,87,0,0,0
52,16- Begampura, Begampura,42,Vandana Devi,Ashok Kumar, Begampura,9219112157,Residential Self ,55,337,55,337,365,1765
53,16- Begampura, Begampura,43,Liyakat,Yusuf, Begampura,9997102786,Residential Self ,48,179,48,159,420,1240
54,16- Begampura, Begampura,44,"Rishabh Bhardwaj, Siddharth Bhardwaj S/O Virendra Bhardwaj, Saloni D/O",Virendra Bhardwaj, Begampura,9058132626,Residential Self ,88,0,88,0,420,0
55,16- Begampura, Begampura,45,"Dharampal,Koshal, Kishor",Jaychand, Begampura,-,Residential Self ,48,273,48,293,372,1800
56,16- Begampura, Begampura,46,"Suman W/O Mukesh Kumar Urf Lallu Kumhar, Shubham,Lakki,Satyam",Mukesh Kumar Urf Lallu Kumhar, Begampura,-,Residential Self ,85,395,85,395,335,1300
57,16- Begampura, Begampura,47,Gurucharan Das,Murari Lal, Begampura,9837150053,Residential Self ,48,159,48,159,0,0
58,16- Begampura, Begampura,48,Dr Prahalad,Rameshvar Dayal, Begampura,9759222122,Residential Self ,242,801,242,801,178,586
59,16- Begampura, Begampura,49,"Kamal Kumar,Salil Kumar",Prahalad, Begampura,9927204255,Residential Self ,97,321,97,321,323,949
60,16- Begampura, Begampura,49/1,"Kamal Kumar,Salil Kumar",Prahalad, Begampura,9927204255,Commercial Self ,121,400,121,400,299,877
61,16- Begampura, Begampura,50,Parveen Kumar S/O Avadh Bihari & Mamta Rani,Parveen Kumar, Begampura,9412583430,Residential Self ,0,0,0,0,0,0
62,16- Begampura, Begampura,51,Arvind Kumar S/O Amarnath & Rukmani Devi,Amarnath, Begampura,9027391627,Commercial Self ,121,0,121,0,0,0
63,16- Begampura, Begampura,52,Kusum Kamal,Nand Kumar, Begampura,-,Commercial Self ,157,959,157,959,0,0
64,16- Begampura, Begampura,53,Mohd Asad,Peerji Shreef, Begampura,9897081730,Commercial Self ,145,886,145,886,0,0
65,16- Begampura, Begampura,54,Parveen Kumar S/O Avadh Bihari & Mamta Rani,Parveen Kumar, Begampura,9412583430,Commercial Self ,61,0,61,0,0,0
66,16- Begampura, Begampura,55,Arvind Kumar S/O Amarnath & Rukmani Devi,Parveen Kumar, Begampura,9412583430,Residential Self ,121,0,121,0,0,0
67,16- Begampura, Begampura,56,Kusum Kamal,Nand Kumar, Begampura,-,Commercial Self ,109,666,109,666,0,0
68,16- Begampura, Begampura,57,Ashad,Peerji Shreef, Begampura,9897081703,Commercial Self ,109,2946,109,2951,0,0
69,16- Begampura, Begampura,58,Raees Ahmad,Abdul Hameed, Begampura,-,Commercial Self ,121,1427,121,1427,0,0
70,16- Begampura, Begampura,59,Aasif,Raees Ahmad, Begampura,-,Commercial Self ,145,1708,145,1708,0,0
71,16- Begampura, Begampura,60,Mohd Jahid,Mohd Aakil, Begampura,9045389802,Commercial Self ,73,0,73,0,0,0
72,16- Begampura, Begampura,61,Suman Rani W/O Narendar Kumar,Shyam Lal, Begampura,9045648157,Commercial Self ,97,204,97,204,0,0
73,16- Begampura, Begampura,61/1,Arvind S/O Amarnath & Rukmani Devi,Amarnath, Begampura,9027471627,Commercial Self ,73,73,73,73,0,0
74,16- Begampura, Begampura,62,Jaheer Ahmad,Azeez Ahmad, Begampura,9897769226,Commercial Self ,73,73,73,73,0,0
75,16- Begampura, Begampura,63,Shameem Ahmad,Usman Ahmad, Begampura,9997295512,Commercial Self ,290,0,290,0,0,0
76,16- Begampura, Begampura,64,Imamudeen,Abdul Azeez, Begampura,7060920027,Commercial Self ,230,483,230,483,0,0
77,16- Begampura, Begampura,65,"Mohd Jahid S/O Mohd Aakil , Saleha Begam",Mohd Jahid, Begampura,9045389802,Commercial Self ,224,0,224,0,0,0
78,16- Begampura, Begampura,66,Suman Rani W/O Narendar Kumar,Shyam Lal, Begampura,9045668157,Commercial Self ,242,508,242,508,0,0
79,16- Begampura, Begampura,67,Suresh Chand,Ramswaroop, Begampura,9971075324,Residential Self ,15,33,0,0,420,1640
80,16- Begampura, Begampura,68,Brijrani,Surendra Kumar, Begampura,9368616464,Residential Self ,79,0,79,0,341,0
81,16- Begampura, Begampura,68/1,Brijrani,Surendra Kumar, Begampura,9368616464,Commercial Self ,230,0,230,0,0,0
82,16- Begampura, Begampura,69,Vidyavati,Gurucharan Das, Begampura,9045880429,Mixed Self ,61,202,61,202,0,0
83,16- Begampura, Begampura,69/1,Gurucharan,Murari Lal, Begampura,9837150053,Commercial Self ,73,241,73,241,323,949
84,16- Begampura, Begampura,69/2,Gurucharan,Murari Lal, Begampura,9837150053,Residential Self ,48,159,48,159,0,0
85,16- Begampura, Begampura,70,Sarita Goyal W/O Susheel Kumar,Shyam Lal, Begampura,9897467700,Mixed Self ,73,0,73,0,347,347
86,16- Begampura, Begampura,70/1,Ranveer Singh Saini,Baleram, Begampura,9568349992,Mixed Self ,97,204,97,204,323,646
87,16- Begampura, Begampura,71,Mohd Yameen,Habeeeb, Begampura,7060880245,Commercial Self ,133,0,133,0,0,0
88,16- Begampura, Begampura,72,Mohd Yameen,Habeeeb, Begampura,7060880245,Commercial Self ,0,0,0,0,0,0
89,16- Begampura, Begampura,72/1,Mohd Yameen,Habeeeb, Begampura,7060880245,Commercial Self ,79,0,79,0,0,0
90,16- Begampura, Begampura,72/2,Mohd Yameen,Habeeeb, Begampura,7060880245,Residential Self ,61,0,61,0,359,0
91,16- Begampura, Begampura,73,Noor Hasan,Ahmadulla, Begampura,9897871662,Residential Self ,91,0,91,0,323,0
92,16- Begampura, Begampura,73/1,Noor Hasan,Ahmadulla, Begampura,9897871662,Residential Self ,55,0,55,0,0,0
93,16- Begampura, Begampura,74,Noor Hasan,Ahmadulla, Begampura,9897871662,Commercial Self ,109,0,109,0,0,0
94,16- Begampura, Begampura,75,Noor Hasan,Ahmadulla, Begampura,9897871662,Commercial Self ,91,0,91,0,0,0
95,16- Begampura, Begampura,75/1,Noor Hasan,Ahmadulla, Begampura,9897871662,Residential Self ,66,0,66,0,0,0
96,16- Begampura, Begampura,76,"Avikas,Avishal,Amit, Ankur",Naresh Mittal, Begampura,9358095577,Commercial Self ,157,959,157,959,0,0
97,16- Begampura, Begampura,77,"Angoori Devi W/O Anand Parkash , Rashmi Garg",Rameshchand Garg, Begampura,9368751023,Commercial Self ,528,0,528,0,0,0
98,16- Begampura, Begampura,77/A,"Angoori Devi W/O Anand Parkash , Rashmi Garg",Rameshchand Garg, Begampura,9368751023,Residential Self ,66,0,66,0,0,0
99,16- Begampura, Begampura,77/1,"Avikas,Avishal,Amit, Ankur",Naresh Mittal, Begampura,9557188785,Commercial Self ,605,1271,605,1271,420,888
100,16- Begampura, Begampura,"78,79","Avikas,Avishal,Amit, Ankur",Naresh Mittal, Begampura,9557188785,Residential Self ,66,139,66,139,0,0
101,16- Begampura, Begampura,80,"Mohd.Farhan,Kamran,Faishal",Abdul, Begampura,-,Commercial Self ,164,545,164,542,420,0
102,16- Begampura, Begampura,80/1,"Mohd.Farhan,Kamran,Faishal",Abdul, Begampura,-,Residential Self ,44,145,44,0,0,0
103,16- Begampura, Begampura,80/2,"Mohd.Farhan,Kamran,Faishal",Abdul, Begampura,-,Residential Self ,0,0,44,147,0,0
104,16- Begampura, Begampura,81,Prince Kumar,Surendra Kumar, Begampura,8791341885,Commercial Self ,121,254,121,254,0,0
105,16- Begampura, Begampura,81/1,Prince Kumar,Surendra Kumar, Begampura,8791341885,Residential Self ,88,185,88,185,332,3336
106,16- Begampura, Begampura,82,"Laik Ahmad S//O Jameel Ahmad, Fatma Begam",Ateek Ahmad, Begampura,9411034700,Commercial Self ,121,121,121,133,0,0
107,16- Begampura, Begampura,83,"Laik Ahmad S//O Jameel Ahmad, Fatma Begam",Ateek Ahmad, Begampura,9411034700,Commercial Self ,10854,351547,10854,351547,420,420
108,16- Begampura, Begampura,83/1,"Laik Ahmad S//O Jameel Ahmad, Fatma Begam",Ateek Ahmad, Begampura,9411034700,Residential Self ,61,61,61,61,0,0
109,16- Begampura, Begampura,83/2,"Afsaroon,Shameem,Saleem,Mohd Ali",Salamtulla, Begampura,9837024813,Residential Self ,97,97,97,0,0,0
110,16- Begampura, Begampura,83/3,"Afsaroon,Shameem,Saleem,Mohd Ali",Salamtulla, Begampura,9837024813,Commercial Self ,154,0,154,0,0,0
111,16- Begampura, Begampura,83/4,"Afsaroon,Shameem,Saleem,Mohd Ali",Salamtulla, Begampura,9837024813,Commercial Self ,0,0,0,0,0,0
112,16- Begampura, Begampura,84,"Afsaroon,Shameem,Saleem,Mohd Ali",Salamtulla, Begampura,9837024813,Commercial Self ,133,0,133,0,287,0
113,16- Begampura, Begampura,85,Mohan Lal,Bhagirath Lal, Begampura,8909955980,Commercial Self ,145,136,145,145,0,0
114,16- Begampura, Begampura,85/1,Mohan Lal,Bhagirath Lal, Begampura,8909955980,Residential Self ,0,0,0,0,0,0
115,16- Begampura, Begampura,85/2,Mohan Lal,Bhagirath Lal, Begampura,8909955980,Residential Self ,88,0,88,88,0,0
116,16- Begampura, Begampura,86,Milkiyat Masjid Chipiyan,-, Begampura,9837171530,Commercial Self ,0,0,0,0,0,0
117,16- Begampura, Begampura,87,Milkiyat Masjid Chipiyan,-, Begampura,9760292229,Commercial Self ,73,0,73,0,347,0
118,16- Begampura, Begampura,88,Milkiyat Masjid Chipiyan,-, Begampura,9045129521,Commercial Self ,103,0,103,0,0,0
119,16- Begampura, Begampura,89,Milkiyat Masjid Chipiyan,-, Begampura,9719583978,Commercial Self ,66,0,66,0,0,0
120,16- Begampura, Begampura,90,Milkiyat Masjid Chipiyan,-, Begampura,9719583978,Commercial Self ,88,0,88,0,0,0
121,16- Begampura, Begampura,91,Milkiyat Masjid Chipiyan,-, Begampura, -,Commercial Self ,85,0,85,0,0,0
122,16- Begampura, Begampura,92,Milkiyat Masjid Chipiyan,-, Begampura, -,Commercial Self ,61,0,61,0,0,0
123,16- Begampura, Begampura,93,Milkiyat Masjid Chipiyan,-, Begampura, -,Commercial Self ,97,0,97,0,0,0
124,16- Begampura, Begampura,94,Milkiyat Masjid Chipiyan,-, Begampura,9837171530,Commercial Self ,0,0,0,0,0,0
125,16- Begampura, Begampura,94/1,"Rihana W/O Sharafat,Ruksar",Rijvan, Begampura,8937843570,Residential Self ,88,538,88,544,332,1600
126,16- Begampura, Begampura,95,Laik Ahmad,Jameel Ahmad, Begampura,9411034700,Residential Self ,61,61,61,61,0,0
127,16- Begampura, Begampura,95/1,Milkiyat Masjid Chipiyan,-, Begampura,7817022120,Commercial Self ,121,0,121,0,0,0
128,16- Begampura, Begampura,96,Milkiyat Masjid Chipiyan,-, Begampura,9837171530,Residential Self ,145,440,145,0,420,420
129,16- Begampura, Begampura,97,Milkiyat Masjid Chipiyan,-, Begampura,9837171530,Residential Self ,55,0,55,0,0,0
130,16- Begampura, Begampura,98,Milkiyat Masjid Chipiyan,-, Begampura,9837171530,Residential Self ,121,0,121,0,0,0
131,16- Begampura, Begampura,99,Milkiyat Masjid Chipiyan,-, Begampura,9837171530,Residential Self ,55,0,55,0,420,0
132,16- Begampura, Begampura,100,Milkiyat Masjid Chipiyan,-, Begampura,9837171530,Residential Self ,66,0,66,0,0,0
133,16- Begampura, Begampura,101,Sajid,Rafeek, Begampura,9760794803,Mixed Self ,61,4751,61,3142,359,4236
134,16- Begampura, Begampura,102,Faimudeen,Gani, Begampura,6396033433,Residential Self ,48,105,48,101,420,840
135,16- Begampura, Begampura,103,Irfan Ahmad,Abdul Sattar, Begampura,9639220220,Residential Self ,61,202,61,202,359,1057
136,16- Begampura, Begampura,104,Sattar,Abdul Kareem, Begampura,9286686686,Residential Self ,121,121,121,121,299,1156
137,16- Begampura, Begampura,104/1,Sattar,Abdul Kareem, Begampura,9286686686,Residential Self ,97,202,97,204,0,0
138,16- Begampura, Begampura,105,Ahsan ,Salamtulla, Begampura,7060158280,Residential Self ,66,139,66,139,420,2056
139,16- Begampura, Begampura,106,Rehmatulla,Manni, Begampura,7060158280,Residential Self ,55,116,50,116,365,730
140,16- Begampura, Begampura,107,Shareef,Manni, Begampura,8923429701,Residential Self ,66,0,66,0,354,0
141,16- Begampura, Begampura,108,Lateef,Manni, Begampura,8923429701,Residential Self ,55,337,55,337,365,1765
142,16- Begampura, Begampura,108/1,Nafees,Lateef, Begampura,-,Residential Self ,55,1669,55,1606,0,0
143,16- Begampura, Begampura,108/2,Yusuf,Lateef, Begampura,-,Residential Self ,55,1669,55,1669,0,0
144,16- Begampura, Begampura,109,"Mohd Inam,Mohd Ikram,Mohd Islam",Saeed, Begampura,7417186760,Residential Self ,55,116,55,116,420,840
145,16- Begampura, Begampura,110,Irshad,Ishak, Begampura,9368670972,Residential Self ,66,1158,66,1349,420,2888
146,16- Begampura, Begampura,111,Shareef,Karam Ilahi, Begampura,9927785247,Residential Self ,66,139,66,139,420,840
147,16- Begampura, Begampura,112,Milkiyat Masjid Chipiyan,-, Begampura,9837171530,Residential Self ,110,0,110,894,310,2260
148,16- Begampura, Begampura,113,Lateef,Karam Ilahi, Begampura,7895935238,Mixed Self ,66,565,66,510,4420,2340
149,16- Begampura, Begampura,114,Haneef,Bundu, Begampura,8938574094,Residential Self ,55,116,55,116,365,730
150,16- Begampura, Begampura,115,Sageer,Ismail, Begampura,8289786028,Residential Self ,55,183,55,183,420,1240
151,16- Begampura, Begampura,115/1,Shiksha Devi,Shivdatt, Begampura,9897293970,Residential Self ,44,0,44,0,376,448
152,16- Begampura, Begampura,115/2,Shiksha Devi,Shivdatt, Begampura,9897293970,Commercial Self ,0,0,0,0,0,0
153,16- Begampura, Begampura,115/3,Shiksha Devi,Shivdatt, Begampura,9897293970,Commercial Self ,0,0,0,0,0,0
154,16- Begampura, Begampura,116,Manno,Majeed, Begampura,9058036705,Residential Self ,61,470,61,470,359,1974
155,16- Begampura, Begampura,116/1,Nafees,Majeed, Begampura,9058036705,Residential Self ,61,202,61,202,359,1057
156,16- Begampura, Begampura,117,Naseem,Rafeek, Begampura,9634508536,Residential Self ,61,1272,61,1272,359,3432
157,16- Begampura, Begampura,118,Naeem,Rafeek, Begampura,8439600420,Residential Self ,88,680,88,680,420,2340
158,16- Begampura, Begampura,119,Milkiyat Masjid Chipiyan,-, Begampura,9837171530,Residential Self ,55,0,55,0,0,0
159,16- Begampura, Begampura,120,Mohd Yaseen,Rasheed Ahmad, Begampura,9027595005,Residential Self ,55,0,55,0,420,0
160,16- Begampura, Begampura,121,Furkan,Nathu, Begampura,9045219997,Residential Self ,44,92,44,92,376,752
161,16- Begampura, Begampura,122,Rasheed,Samaydeen, Begampura,9983784281,Residential Self ,77,1223,77,1224,420,3540
162,16- Begampura, Begampura,123,Rasheed,Samaydeen, Begampura,9983784281,Residential Self ,77,595,77,595,0,0
163,16- Begampura, Begampura,124,Shamshida Begam,Yaseen, Begampura,9045277812,Residential Self ,85,282,85,382,325,955
164,16- Begampura, Begampura,125,Munshi,Pyara, Begampura,8449983009,Residential Self ,66,66,66,66,0,0
165,16- Begampura, Begampura,126,Lateef,Shafi, Begampura,8449983010,Residential Self ,66,66,66,66,420,420
166,16- Begampura, Begampura,127,"Meharban,Irfan",Nathu, Begampura,9528825041,Residential Self ,44,44,44,44,376,376
167,16- Begampura, Begampura,128,Halli,Nanta, Begampura,8168962918,Residential Self ,48,370,48,370,0,0
168,16- Begampura, Begampura,128/1,"Bano W/O Ninna, Jaitoon D/O Ninna W/O",Mahmood, Begampura,-,Residential Self ,48,370,48,370,0,0
169,16- Begampura, Begampura,129,Rasheed,Noor Mohammad, Begampura,9758128938,Residential Self ,55,55,55,55,365,365
170,16- Begampura, Begampura,130,Haneef,Noor Mohammad, Begampura,7248068230,Residential Self ,88,1036,88,1036,0,0
171,16- Begampura, Begampura,131,Haneef,Noor Mohammad, Begampura,7248068230,Residential Self ,0,0,0,0,0,0
172,16- Begampura, Begampura,132,Basheer,Noor Mohammad, Begampura,9761939134,Residential Self ,73,241,73,241,420,1240
173,16- Begampura, Begampura,133,Saleem,Ameer Ahmad, Begampura,9548926643,Residential Self ,48,0,48,0,420,144
174,16- Begampura, Begampura,134,Mumtaj,Noor Mohammad, Begampura,7906767709,Residential Self ,97,592,97,592,323,0
175,16- Begampura, Begampura,135,Raees,Ameer Ahmad, Begampura,9027070275,Residential Self ,55,0,55,0,420,0
176,16- Begampura, Begampura,136,Naseem,Ameer Ahmad, Begampura,9027070275,Residential Self ,55,0,55,0,0,0
177,16- Begampura, Begampura,137,Sadikan,Habeeeb, Begampura,9761833312,Residential Self ,97,445,97,450,323,1252
178,16- Begampura, Begampura,138,Sharifan,Basheer, Begampura,9548030235,Residential Self ,121,6203,121,6202,420,4328
179,16- Begampura, Begampura,139,Vakila,Ajeemu, Begampura,7906217200,Residential Self ,220,0,220,0,200,0
180,16- Begampura, Begampura,140,Kanija Fatma W/O Saeed,Saeed D/O Ishaq, Begampura,9358091939,Residential Self ,48,0,48,0,372,0
181,16- Begampura, Begampura,141,Afjal,Majeed, Begampura,8053700783,Residential Self ,48,0,48,0,372,0
182,16- Begampura, Begampura,142,Mohd. Sahjad,Mohd. Yasin, Begampura,-,Residential Self ,97,321,97,575,323,949
183,16- Begampura, Begampura,143,Jagannath,Mannulal, Begampura,-,Residential Self ,44,204,44,204,0,0
184,16- Begampura, Begampura,144,Yaseen,Bundu, Begampura,7906176526,Residential Self ,61,470,61,470,420,2036
185,16- Begampura, Begampura,145,Mukeem,Naseem, Begampura,9897240554,Residential Self ,48,543,48,565,0,0
186,16- Begampura, Begampura,145/1,Mukeem,Naseem, Begampura,9897240554,Commercial Self ,290,9423,290,5163,0,0
187,16- Begampura, Begampura,146,"Radha Rani W/O Shiv Om, Smirti",Chaman Lal, Begampura,-,Residential Self ,66,905,66,905,420,3456
188,16- Begampura, Begampura,147,"Rameshchand,Paleram,Nareshchand,Sureshpal,Rakamsingh,Bhanwar Singh,Shripal",Raghuveer Singh, Begampura,8395020649,Mixed Self ,103,0,103,0,0,0
189,16- Begampura, Begampura,148,"Shiv Kumar S/O Jyoti Parsad,Sushma Devi",Shiv Kumar, Begampura,9497687812,Residential Self ,145,0,145,0,0,0
190,16- Begampura, Begampura,149,Vedprakash,Jagdeesh Parsad, Begampura,7668500650,Residential Self ,145,0,145,0,0,0
191,16- Begampura, Begampura,150,Rajkumar,Jagannath, Begampura,9927389300,Commercial Self ,145,0,145,0,0,0
192,16- Begampura, Begampura,151,Rajkumar,Jagannath, Begampura,9927389300,Commercial Self ,0,0,0,0,0,0
193,16- Begampura, Begampura,152,Rajkumar,Jagannath, Begampura,9927389300,Residential Self ,140,0,140,0,280,0
194,16- Begampura, Begampura,153,Omprakash,Barumal, Begampura,9410062149,Commercial Self ,532,532,532,532,24,24
195,16- Begampura, Begampura,154,Omprakash,Barumal, Begampura,9410062149,Commercial Self ,0,0,0,0,0,0
196,16- Begampura, Begampura,155,Omprakash,Barumal, Begampura,9410062149,Residential Self ,0,0,0,0,0,0
197,16- Begampura, Begampura,156,Milkiyat Arya Samaj Prabandhak Dharamshala,-, Begampura,9358386557,Commercial Self ,117,388,117,388,0,0
198,16- Begampura, Begampura,157,Milkiyat Arya Samaj Prabandhak Dharamshala,-, Begampura,9412583439,Commercial Self ,110,848,110,848,0,0
199,16- Begampura, Begampura,158,Dharamshala,-, Begampura,-, -,0,0,0,0,420,3240
200,16- Begampura, Begampura,159,Dharamshala,-, Begampura,-,Commercial Self ,22,0,0,0,0,0
201,16- Begampura, Begampura,160,Dharamshala,-, Begampura,7017606545,Commercial Self ,153,710,153,710,0,0
202,16- Begampura, Begampura,161,Milkiyat Krishna Mandir,-, Begampura,9760140756,Commercial Self ,242,801,242,801,0,0
203,16- Begampura, Begampura,162,Milkiyat Krishna Mandir,-, Begampura,8439746538,Commercial Self ,61,6,51,0,0,0
204,16- Begampura, Begampura,163,Milkiyat Krishna Mandir,-, Begampura,9897496703,Commercial Self ,109,109,109,109,420,444
205,16- Begampura, Begampura,164,Milkiyat Krishna Mandir,-, Begampura,7520380005,Commercial Self ,66,0,66,0,0,0
206,16- Begampura, Begampura,165,Milkiyat Krishna Mandir,-, Begampura,9897746786,Commercial Self ,55,0,55,0,0,0
207,16- Begampura, Begampura,166,Milkiyat Krishna Mandir,-, Begampura,-,Commercial Self ,61,61,61,61,0,0
208,16- Begampura, Begampura,167,Milkiyat Krishna Mandir,-, Begampura,9410062371,Temple ,0,0,0,0,0,0
209,16- Begampura, Begampura,168,Milkiyat Krishna Mandir,-, Begampura,8449969614,Commercial Self ,55,256,55,256,420,1736
210,16- Begampura, Begampura,169,Milkiyat Krishna Mandir,-, Begampura,8449838601,Commercial Self ,182,0,182,0,0,0
211,16- Begampura, Begampura,"1,70,171","Manoj Kumar,Mukesh Kumar",Surendra Kumar Jain, Begampura,8449838601,Commercial Self ,980,0,980,0,0,0
212,16- Begampura, Begampura,172,"Pawan,Kuldeep,Sorabh",Rampal, Begampura,8449838601,Residential Self ,550,0,55,0,0,0
213,16- Begampura, Begampura,173,Rajendra,Govind, Begampura,9997666608,Commercial Self ,550,0,550,0,24,120
214,16- Begampura, Begampura,174,"Aalok,Deepak",Ishwar Dayal, Begampura,9897456590,Commercial Self ,968,0,968,0,0,0
215,16- Begampura, Begampura,175,Premchand,Ramswaroop, Begampura,9808865606,Commercial Self ,91,0,91,0,0,0
216,16- Begampura, Begampura,176,Premchand,Ramswaroop, Begampura,9917891588,Residential Self ,0,0,0,0,0,0
217,16- Begampura, Begampura,176/1,"Chunnilal,Subhash S/O Nandlal,Rajrani W/O",Puranchand, Begampura,-,Commercial Self ,109,0,109,0,0,0
218,16- Begampura, Begampura,177,"Chunnilal,Subhash S/O Nandlal,Rajrani W/O",Puranchand, Begampura,9358486131,Commercial Self ,66,1205,66,1205,420,2160
219,16- Begampura, Begampura,177/1,"Raman Kumar S/O Subhash Chand , Aasha Rani",Subhash Chand, Begampura,-,Residential Self ,73,445,73,445,0,0
220,16- Begampura, Begampura,177/2,"Raman Kumar S/O Subhash Chand , Aasha Rani",Subhash Chand, Begampura,9411638614,Commercial Self ,66,510,66,510,0,0
221,16- Begampura, Begampura,178,Salochna Devi,Salekchand, Begampura,-,Commercial Self ,484,0,484,0,0,0
222,16- Begampura, Begampura,179,Kamal Kumar Singhal,Prahalad Swaroop, Begampura,9412666037,Commercial Self ,194,194,194,194,226,226
223,16- Begampura, Begampura,178/1,Menka,Subhash Chand, Begampura, -,Commercial Self ,73,0,73,0,0,0
224,16- Begampura, Begampura,179/1,Subhash Chand,Ilamchand, Begampura,9756404316,Commercial Self ,67,923,67,923,0,0
225,16- Begampura, Begampura,180,"Ishwar Dayal S/O Indar Sain, Kiran Devi",Ishwar Dayal, Begampura,9808865606,Commercial Self ,290,0,290,0,130,0
226,16- Begampura, Begampura,180/1,"Ishwar Dayal S/O Indar Sain, Kiran Devi",Ishwar Dayal, Begampura,9808865606,Residential Self ,24,0,0,0,0,0
227,16- Begampura, Begampura,181,Sorabh S/O Arvind Kumar Jain,Rajul Jain W/O Arvind Kumar Jain, Begampura,7520115031,Commercial Self ,2124,0,436,0,420,420
228,16- Begampura, Begampura,181/1,Ali Hasan S/O Rasheed S/O Kadir S/O Liyakat,Kadarbaksh, Begampura,7520115032,Residential Self ,0,0,66,0,0,0
229,16- Begampura, Begampura,182,Ali Hasan S/O Rasheed S/O Kadir S/O Liyakat,Kadarbaksh, Begampura,7520115032,Residential Self ,0,0,436,0,0,0
230,16- Begampura, Begampura,183,Tahir Hasan,Ahmadulla, Begampura,9897726911,Commercial Self ,133,1701,133,623,287,2055
231,16- Begampura, Begampura,184,Tahir Hasan,Ahmadulla, Begampura,9639484057,Commercial Self ,109,506,109,506,0,0
232,16- Begampura, Begampura,185,Mohd Islam,Bundu, Begampura,9568352636,Commercial Self ,133,440,133,440,0,0
233,16- Begampura, Begampura,185/1,Mohd Islam,Bundu, Begampura,9568352636,Residential Self ,67,222,67,222,420,1240
234,16- Begampura, Begampura,186,Sushil Kumar,Satya Prakash, Begampura,9760000776,Commercial Self ,157,520,157,729,0,0
235,16- Begampura, Begampura,186/A,Satyaparkash,Jyoti Parsad, Begampura,9760000776,Commercial Self ,157,520,157,729,0,0
236,16- Begampura, Begampura,187,Sushil Kumar,Satya Prakash, Begampura,9760000776,Residential Self ,0,0,0,0,0,0
237,16- Begampura, Begampura,187/1,Nisha Rani W/O Deepak Kumar,Anmol Garg S/O Deepak Kumar, Begampura,9760000776,Commercial Self ,121,400,121,561,299,1156
238,16- Begampura, Begampura,187/2,Satyaparkash,Jyoti Parsad, Begampura,9760000776,Residential Self ,0,0,0,561,0,0
239,16- Begampura, Begampura,187/3,Satyaparkash,Jyoti Parsad, Begampura,9760000776, -,0,0,0,0,0,0
240,16- Begampura, Begampura,187/4,Satyaparkash,Jyoti Parsad, Begampura,9760000776,Residential Self ,0,0,0,0,0,0
241,16- Begampura, Begampura,187/5,Satyaparkash,Jyoti Parsad, Begampura,9760000776, -,0,0,0,0,0,0
242,16- Begampura, Begampura,187/6,Sushil Kumar,Satya Prakash, Begampura,9760000776, -,0,0,0,0,0,0
243,16- Begampura, Begampura,187/7,Satyaparkash,Jyoti Parsad, Begampura,9760000776,Residential Self ,0,0,0,0,0,0
244,16- Begampura, Begampura,187/8,Satyaparkash,Jyoti Parsad, Begampura,9760000776, -,0,0,0,0,0,0
245,16- Begampura, Begampura,187/9,Satyaparkash,Jyoti Parsad, Begampura,9760000776,Commercial Self ,0,0,0,0,0,0
246,16- Begampura, Begampura,187/10,Satyaparkash,Jyoti Parsad, Begampura,9760000776,Commercial Self ,73,241,73,338,0,0
247,16- Begampura, Begampura,188,Satyaparkash,Jyoti Parsad, Begampura,9760000776,Commercial Self ,0,0,0,0,0,0
248,16- Begampura, Begampura,188/1,Satyaparkash,Jyoti Parsad, Begampura,9760000776,Commercial Self ,0,0,0,0,0,0
249,16- Begampura, Begampura,188/2,Satyaparkash,Jyoti Parsad, Begampura,9760000776,Commercial Self ,0,0,0,0,0,0
250,16- Begampura, Begampura,188/3,Satyaparkash,Jyoti Parsad, Begampura,9760000776,Commercial Self ,133,440,133,617,0,0
251,16- Begampura, Begampura,188/4,Satyaparkash,Jyoti Parsad, Begampura,9760000776,Commercial Self ,0,0,0,0,0,0
252,16- Begampura, Begampura,188/5,Satyaparkash,Jyoti Parsad, Begampura,9760000776,Commercial Self ,0,0,0,0,0,0
253,16- Begampura, Begampura,188/6,Satyaparkash,Jyoti Parsad, Begampura,9760000776,Commercial Self ,0,0,0,0,0,0
254,16- Begampura, Begampura,188/7,Satyaparkash,Jyoti Parsad, Begampura,9760000776,Commercial Self ,0,0,0,0,0,0
255,16- Begampura, Begampura,188/8,Satyaparkash,Jyoti Parsad, Begampura,9760000776,Commercial Self ,0,0,0,0,0,0
256,16- Begampura, Begampura,188/9,Satyaparkash,Jyoti Parsad, Begampura,9760000776,Commercial Self ,157,520,157,1299,0,0
257,16- Begampura, Begampura,188/10,Satyaparkash,Jyoti Parsad, Begampura,9760000776,Commercial Self ,242,801,242,1123,0,0
258,16- Begampura, Begampura,189,"Vipul Kumar S/O Devendra Kumar, Rashmi Jain",Vipul Kumar, Begampura,7520115031,Commercial Self ,182,0,182,0,0,0
259,16- Begampura, Begampura,190,"Vipul Kumar S/O Devendra Kumar, Rashmi Jain",Vipul Kumar, Begampura,7520115031,Residential Self ,0,0,0,0,0,0
260,16- Begampura, Begampura,190/1,"Vipul Kumar S/O Devendra Kumar, Rashmi Jain",Vipul Kumar, Begampura,7520115031,Residential Self ,0,0,0,0,0,0
261,16- Begampura, Begampura,190/2,Suresh Chand,Ramswaroop, Begampura,9971075324,Commercial Self ,131,275,131,275,0,0
262,16- Begampura, Begampura,190/3,Suresh Chand,Ramswaroop, Begampura,9971075324,Commercial Self ,224,470,224,470,0,0
263,16- Begampura, Begampura,190/4,Suresh Chand,Ramswaroop, Begampura,9971075324,Commercial Self ,218,458,218,458,0,0
264,16- Begampura, Begampura,190/5,Sanavvar Begam,Khursheed, Begampura,9634292335,Commercial Self ,91,0,91,0,0,0
265,16- Begampura, Begampura,191,Ahsan ,Majeed, Begampura,8384800827,Commercial Self ,240,910,290,986,0,0
266,16- Begampura, Begampura,192,"Satish Kumar Jain, Pardeep Kumar Jain,Subhash Chand Jain S/O Shripal Jain,Subodh Kumar Jain",Chetan Lal Jain, Begampura,8077681381,Commercial Self ,176,176,176,176,0,0
267,16- Begampura, Begampura,192/1,"Satish Kumar Jain, Pardeep Kumar Jain,Subhash Chand Jain S/O Shripal Jain,Subodh Kumar Jain",Chetan Lal Jain, Begampura,8077681381,Commercial Self ,145,145,145,145,0,0
268,16- Begampura, Begampura,193,Arya Samaj Mandir,-, Begampura,9358899480,Commercial Self ,121,1427,121,561,0,0
269,16- Begampura, Begampura,194,Arya Samaj Mandir,-, Begampura,9639605526,Commercial Self ,73,153,73,153,0,0
270,16- Begampura, Begampura,195,Arya Samaj Mandir,-, Begampura,7900580710,Commercial Self ,91,191,91,191,0,0
271,16- Begampura, Begampura,196,Arya Samaj Mandir,-, Begampura,-,Commercial Self ,290,290,290,290,0,0
272,16- Begampura, Begampura,197,Arya Samaj Mandir,-, Begampura,9553358884,Commercial Self ,218,0,218,0,0,0
273,16- Begampura, Begampura,198,Arya Samaj Mandir,-, Begampura,9760282392,Commercial Self ,48,48,480,48,0,0
274,16- Begampura, Begampura,199,Milkiyat Masjid Saray,-, Begampura,7417612896,Commercial Self ,145,886,145,886,0,0
275,16- Begampura, Begampura,199/1,Milkiyat Masjid Saray,-, Begampura,9897006466,Commercial Self ,61,61,61,61,0,0
276,16- Begampura, Begampura,199/2,Milkiyat Masjid Saray,-, Begampura,-,Residential Self ,0,0,0,0,0,0
277,16- Begampura, Begampura,199/3,Milkiyat Masjid Saray,-, Begampura,8449844047,Commercial Self ,48,2476,48,2993,0,0
278,16- Begampura, Begampura,199/4,Milkiyat Masjid Saray,-, Begampura,9027476495,Commercial Self ,48,293,48,293,0,0
279,16- Begampura, Begampura,199/5,Milkiyat Masjid Saray,-, Begampura,-,Commercial Self ,44,802,44,802,0,0
280,16- Begampura, Begampura,199/6,Milkiyat Masjid Saray,-, Begampura,9756404385,Commercial Self ,48,0,48,0,0,0
281,16- Begampura, Begampura,199/7,Milkiyat Masjid Saray,-, Begampura,-,Commercial Self ,48,2476,48,2476,0,0
282,16- Begampura, Begampura,199/7A,Milkiyat Masjid Saray,-, Begampura,-,Commercial Self ,0,0,0,0,0,0
283,16- Begampura, Begampura,199/7B,Milkiyat Masjid Saray,-, Begampura,8923439752,Commercial Self ,220,5152,220,5152,0,0
284,16- Begampura, Begampura,199/8,Milkiyat Masjid Saray,-, Begampura,9927272895,Commercial Self ,55,0,55,0,0,0
285,16- Begampura, Begampura,199/9,Milkiyat Masjid Saray,-, Begampura,-,Commercial Self ,61,0,61,0,0,0
286,16- Begampura, Begampura,200,Milkiyat Masjid Saray,-, Begampura,9760807477,Commercial Self ,145,0,145,0,0,0
287,16- Begampura, Begampura,201,Milkiyat Masjid Saray,-, Begampura,9548510628,Commercial Self ,210,0,210,0,420,0
288,16- Begampura, Begampura,202,Milkiyat Masjid Saray,-, Begampura,6396213535,Commercial Self ,226,0,226,0,0,0
289,16- Begampura, Begampura,203,Milkiyat Masjid Saray,-, Begampura,-,Residential Self ,0,0,0,0,420,3840
290,16- Begampura, Begampura,204,"Premchand S/O Baburam,Kusumlata W/O Premchand,Vipin, Ashvani",Premchand, Begampura,9760005651,Commercial Self ,85,0,85,0,335,0
291,16- Begampura, Begampura,204/1,"Premchand S/O Baburam,Kusumlata W/O Premchand,Vipin, Ashvani",Premchand, Begampura,9760005651,Residential Self ,55,0,55,0,0,0
292,16- Begampura, Begampura,205,Bhushan Lal,Vajeer Singh, Begampura,9034528061,Commercial Self ,61,128,61,128,0,0
293,16- Begampura, Begampura,205/1,Bhushan Lal,Vajeer Singh, Begampura,9034528061,Commercial Self ,220,462,220,462,0,0
294,16- Begampura, Begampura,206,Bhushan Lal,Madan Lal, Begampura,9837067020,Commercial Self ,79,0,79,0,341,0
295,16- Begampura, Begampura,207,"Sunita Rani W/O Tanuj Kumar,Vishal Goyal S/O Aatmaram Nirmala Jain",Aatmaram Jain, Begampura,9358113412,Commercial Self ,0,0,0,0,0,0
296,16- Begampura, Begampura,207/1,"Sunita Rani W/O Tanuj Kumar,Vishal Goyal S/O Aatmaram Nirmala Jain",Aatmaram Jain, Begampura,9358113412,Commercial Self ,145,305,145,305,0,0
297,16- Begampura, Begampura,208,Nirmala Jain W/O Aatmaram,Tanuj Kumar, Begampura,9358113412,Commercial Self ,303,636,303,636,0,0
298,16- Begampura, Begampura,208/1,Nirmala Jain W/O Aatmaram,Tanuj Kumar, Begampura,9358113412,Commercial Self ,0,0,0,0,145,1265
299,16- Begampura, Begampura,208/2,Nirmala Jain W/O Aatmaram,Tanuj Kumar, Begampura,9358113412,Residential Self ,0,0,0,0,0,0
300,16- Begampura, Begampura,208/3,Nirmala Jain W/O Aatmaram,Tanuj Kumar, Begampura,9358113412,Residential Self ,0,0,0,0,0,0
301,16- Begampura, Begampura,208/4,"Sunita Rani W/O Tanuj Kumar,Vishal Goyal S/O Aatmaram Nirmala Jain",Aatmaram Jain, Begampura,9358113412,Residential Self ,145,305,145,305,0,0
302,16- Begampura, Begampura,208/5,"Sunita Rani W/O Tanuj Kumar,Vishal Goyal S/O Aatmaram Nirmala Jain",Aatmaram Jain, Begampura,9358113412,Residential Self ,0,0,0,0,0,0
303,16- Begampura, Begampura,208/6,"Sunita Rani W/O Tanuj Kumar,Vishal Goyal S/O Aatmaram Nirmala Jain",Aatmaram Jain, Begampura,9358113412,Residential Self ,0,0,0,0,0,0
304,16- Begampura, Begampura,208/7,"Sunita Rani W/O Tanuj Kumar,Vishal Goyal S/O Aatmaram Nirmala Jain",Aatmaram Jain, Begampura,9358113412,Residential Self ,0,0,0,0,0,0
305,16- Begampura, Begampura,208/8,"Sunita Rani W/O Tanuj Kumar,Vishal Goyal S/O Aatmaram Nirmala Jain",Aatmaram Jain, Begampura,9358113412,Residential Self ,0,0,0,0,0,0
306,16- Begampura, Begampura,208/9,"Sunita Rani W/O Tanuj Kumar,Vishal Goyal S/O Aatmaram Nirmala Jain",Aatmaram Jain, Begampura,9358113412,Residential Self ,0,0,0,0,0,0
307,16- Begampura, Begampura,209,Rajendra Kumar,Roshan Lal, Begampura,9412583249,Commercial Self ,128,0,128,0,292,292
308,16- Begampura, Begampura,209/1,Rajendra Kumar,Roshan Lal, Begampura,9412583249,Commercial Self ,87,0,87,0,0,0
309,16- Begampura, Begampura,209/1A,Rajendra Kumar,Roshan Lal, Begampura,9412583249,Commercial Self ,220,0,220,0,0,0
310,16- Begampura, Begampura,209/2,Rajendra Kumar,Roshan Lal, Begampura,9412583249,Residential Self ,217,0,79,0,0,0
311,16- Begampura, Begampura,210,Milkiyat Masjid Saray,-, Begampura,-,Mosque,0,0,0,0,420,420
312,16- Begampura, Begampura,210/1,Milkiyat Masjid Saray,-, Begampura,9756342472,Commercial Self ,73,3614,73,3183,0,0
313,16- Begampura, Begampura,211,Milkiyat Masjid Saray,-, Begampura,9897483854,Commercial Self ,73,153,73,153,0,0
314,16- Begampura, Begampura,212,Milkiyat Masjid Saray,-, Begampura,9927272895,Commercial Self ,67,141,67,141,0,0
315,16- Begampura, Begampura,213,Milkiyat Masjid Saray,-, Begampura,8755986280,Commercial Self ,61,202,61,202,0,0
316,16- Begampura, Begampura,214,Milkiyat Masjid Saray,-, Begampura,-,Commercial Self ,61.1,202,61,202,0,0
317,16- Begampura, Begampura,215,Milkiyat Masjid Saray,-, Begampura,8267039385,Commercial Self ,61,1272,61,1272,0,0
318,16- Begampura, Begampura,216,Milkiyat Masjid Saray,-, Begampura,9837801963,Commercial Self ,61,202,61,202,0,0
319,16- Begampura, Begampura,217,Milkiyat Masjid Saray,-, Begampura,9756197188,Residential Self ,0,2061,0,0,0,0
320,16- Begampura, Begampura,218,Milkiyat Masjid Saray,-, Begampura,9012835286,Residential Self ,73,1763,73,1769,420,4440
321,16- Begampura, Begampura,219,Milkiyat Masjid Saray,-, Begampura,-, Open plot,0,1354,0,0,0,0
322,16- Begampura, Begampura,220,Milkiyat Masjid Saray,-, Begampura,8791922020,Residential Self ,48,159,48,159,0,0
323,16- Begampura, Begampura,221,Milkiyat Masjid Saray,-, Begampura,8791922021,Residential Self ,55,183,55,183,0,0
324,16- Begampura, Begampura,222,Rasta Saray,-, Begampura,-,-,0,0,0,0,0,0
325,16- Begampura, Begampura,222/1,Gate Nagar Palika Parishad,-, Begampura,-, -,0,0,0,0,0,0
326,16- Begampura, Begampura,222/2,Nagar Palika Parishad,-, Begampura,-,Residential Self ,0,0,0,0,0,0
327,16- Begampura, Begampura,223,Shop Nagar Palika Parishad,-, Begampura,-,Commercial Self ,0,0,0,0,0,0
328,16- Begampura, Begampura,223/A,Shop Nagar Palika Parishad,-, Begampura,-,Commercial Self ,0,0,0,0,0,0
329,16- Begampura, Begampura,223/1, Nagar Palika Parishad,-, Begampura,-,Residential Self ,0,0,0,0,0,0
330,16- Begampura, Begampura,223/2,Shop Nagar Palika Parishad,-, Begampura,-,Commercial Self ,0,0,0,0,0,0
331,16- Begampura, Begampura,223/3,Shop Nagar Palika Parishad,-, Begampura,-,Commercial Self ,0,0,0,0,0,0
332,16- Begampura, Begampura,224,Shop Nagar Palika Parishad,-, Begampura,-,Commercial Self ,0,0,0,0,0,0
333,16- Begampura, Begampura,225,Nagar Palika Parishad,-, Begampura,-,Residential Self ,0,0,0,0,0,0
334,16- Begampura, Begampura,226,Shop Nagar Palika Parishad,-, Begampura,-,Commercial Self ,0,0,0,0,420,5076
335,16- Begampura, Begampura,227,Primary  School,-, Begampura,9528648100,Primary School,0,0,0,0,0,0
336,16- Begampura, Begampura,228,Office Nagar Palika  Parishad,-, Begampura,-,Government Office,0,0,0,0,0,0
337,16- Begampura, Begampura,229,"Ramkumar, Shiv Kumar",Rishipal, Begampura,9837067020,Commercial Self ,145,0,145,0,0,0
338,16- Begampura, Begampura,230,Raees,Rasheed Ahmad, Begampura,7900580710,Commercial Self ,145,3579,145,886,0,0
339,16- Begampura, Begampura,231,Raees,Rasheed Ahmad, Begampura,7900580711,Commercial Self ,61,372,61,372,420,2040
340,16- Begampura, Begampura,231/1,Jafar,Abbal Hasan, Begampura,9927842924,Commercial Self ,0,0,0,0,0,0
341,16- Begampura, Begampura,232,Jafar,Abbal Hasan, Begampura,9927842925,Residential Self ,55,183,55,183,365,1075
342,16- Begampura, Begampura,233,Mahmood,Abool Hasan, Begampura,8273122330,Residential Self ,48,48,48,48,372,1360
343,16- Begampura, Begampura,234,Karam Ilahi,Ismail, Begampura,8273122330,Residential Self ,77,358,77,358,0,0
344,16- Begampura, Begampura,235,Shahnajar,Karam Ilahi, Begampura,8273122330,Residential Self ,77,358,77,358,420,1640
345,16- Begampura, Begampura,236,Dilshad,Rehmatulla, Begampura,9997882773, Open plot,55,183,55,183,420,1240
346,16- Begampura, Begampura,237,Basheer,Rehmatulla, Begampura,9997882773, Open plot,55,183,55,183,0,0
347,16- Begampura, Begampura,238,Akhtar,Mohd Rehmatulla, Begampura,9997882773, Open plot,55,183,55,183,0,0
348,16- Begampura, Begampura,239,Shareef,Mohd Umar, Begampura,8171411771,Residential Self ,73,241,73,241,347,1021
349,16- Begampura, Begampura,239/1,Shareef,Mohd Umar, Begampura,8171411771,Commercial Self ,55,183,55,183,0,0
350,16- Begampura, Begampura,240,"Mohd Irfan,Mohd Rijvan,Mohd Adnan",Ameer Ahmad, Begampura,9756342472,Residential Self ,110,1748,110,1748,0,0
351,16- Begampura, Begampura,240/A,Abdul Hafeez,Rasheed Ahmad, Begampura,9719821766,Residential Self ,44,44,44,44,376,1464
352,16- Begampura, Begampura,240/B,Mehrunisha,Raees, Begampura,7900580710,Residential Self ,110,0,110,0,310,0
353,16- Begampura, Begampura,240/1,Abdul Hafeez,Rasheed Ahmad, Begampura,9719821766,Commercial Self ,0,0,0,0,0,0
354,16- Begampura, Begampura,240/2,Mohd Rijvan,Ameer Ahmad, Begampura,9897014968,Residential Self ,308,11285,308,6822,0,0
355,16- Begampura, Begampura,240/3,Mehrunisha,Raees, Begampura,7900580710,Commercial Self ,48,1807,48,1807,0,0
356,16- Begampura, Begampura,241,Ikbal,Jameel, Begampura,9837932321,Residential Self ,61,128,61,128,0,0
357,16- Begampura, Begampura,242,Irfan,Jameel, Begampura,9639451734,Residential Self ,48,48,48,48,372,372
358,16- Begampura, Begampura,243,Kishvar Jahan,Khaleel, Begampura,7818975799,Residential Self ,61,202,61,202,0,0
359,16- Begampura, Begampura,244,Afjal,Jameel, Begampura,9927740272,Residential Self ,48,48,44,48,420,420
360,16- Begampura, Begampura,245,Kallan,Allarakha, Begampura,8077013785,Residential Self ,73,864,73,870,420,5381
361,16- Begampura, Begampura,246,Reshma,Jishan, Begampura,9058279295,Residential Self ,250,1843,250,1843,365,1765
362,16- Begampura, Begampura,247,Sabra Beva W/O Haneef,Ismail, Begampura,7078961561,Residential Self ,87,5679,87,3584,333,2244
363,16- Begampura, Begampura,248,Kala ,Jjju, Begampura,9756767082,Residential Self ,55,55,55,55,365,0
364,16- Begampura, Begampura,249,Iftakhar,Intajar, Begampura,9012294486,Residential Self ,48,159,48,159,372,1096
365,16- Begampura, Begampura,250,Firdosh ,Anvar Urf Gama, Begampura,8923340099,Residential Self ,55,205,55,873,365,2000
366,16- Begampura, Begampura,251,Shareef,Ismail, Begampura,9917274050,Residential Self ,73,338,73,338,347,1348
367,16- Begampura, Begampura,252,Ali Ahmad,Karimbaksh, Begampura,9045273765,Residential Self ,61,202,61,202,420,0
368,16- Begampura, Begampura,253,Latif,Basheer, Begampura,9897733943,Residential Self ,48,101,48,101,372,744
369,16- Begampura, Begampura,254,"Vasila W/O Rafeek Ahmad,Naseem Ahmad,Shakeel Ahmad,Najmus Sakib",Rafeek Ahmad, Begampura,8664906232,Residential Self ,66,0,66,0,354,1944
370,16- Begampura, Begampura,255,Shafeek,Basheer, Begampura,8449022413,Residential Self ,121,400,121,400,420,1240
371,16- Begampura, Begampura,256,"Arshad,Farukh S/O Haneef,Nasir,Kadir ",Asgar, Begampura,9669657496,Residential Self ,66,219,66,510,420,1240
372,16- Begampura, Begampura,257,Akhtar,Abdul Kareem, Begampura,-, Open plot,73,1763,73,1763,347,3532
373,16- Begampura, Begampura,258,Bundu,Paltu, Begampura,9634467713,Residential Self ,61,128,61,128,359,718
374,16- Begampura, Begampura,259,Sakil Ahmad,Aamir, Begampura,-,Residential Self ,192,403,0,403,0,0
375,16- Begampura, Begampura,259/A,"Khursheed S/O Akhtar, Israt Jahan",Khursheed, Begampura,9027476495,Residential Self ,165,347,165,349,255,510
376,16- Begampura, Begampura,259/1,"Taiyyab,Furkan,Isman",Ateek Ahmad, Begampura,9411073250,Residential Self ,55,337,55,337,365,1765
377,16- Begampura, Begampura,260,Nafees Ahmad,Haji Laeek, Begampura,9417170240,Residential Self ,48,48,48,48,372,372
378,16- Begampura, Begampura,260/A,Nafees Ahmad,Haji Laeek, Begampura,9417170240,Commercial Self ,110,110,110,110,0,0
379,16- Begampura, Begampura,260/1,"Ikram Ali,Islam Ali,Khalid Ali,Nasir Ali",Ishak Ali, Begampura,-,Residential Self ,165,165,165,165,255,255
380,16- Begampura, Begampura,260/2,"Jabbar,Aasif,Mohsin,Talib,Bakar",Tahir Hasan, Begampura,9927203557,Commercial Self ,0,0,0,0,0,0
381,16- Begampura, Begampura,260/3,"Jabbar,Aasif,Mohsin,Talib,Bakar",Tahir Hasan, Begampura,9927203557,Commercial Self ,48,48,48,48,0,0
382,16- Begampura, Begampura,260/4,"Jabbar,Aasif,Mohsin,Talib,Bakar",Tahir Hasan, Begampura,9927203557,Commercial Self ,48,48,48,48,0,0
383,16- Begampura, Begampura,261,"Jabbar,Aasif,Mohsin,Talib,Bakar",Tahir Hasan, Begampura,9927203557,Commercial Self ,48,48,48,48,372,372
384,16- Begampura, Begampura,261/1,"Jabbar,Aasif,Mohsin,Talib,Bakar",Tahir Hasan, Begampura,9927203557,Commercial Self ,48,48,48,48,0,0
385,16- Begampura, Begampura,261/2,"Jabbar,Aasif,Mohsin,Talib,Bakar",Tahir Hasan, Begampura,9927203557,Commercial Self ,48,48,48,48,0,0
386,16- Begampura, Begampura,261/3,"Jabbar,Aasif,Mohsin,Talib,Bakar",Tahir Hasan, Begampura,9927203557,Commercial Self ,48,48,48,48,0,0
387,16- Begampura, Begampura,261/4,Sardar Husain,Basheer Husain, Begampura,9837869725,Commercial Self ,66,0,66,0,0,0
388,16- Begampura, Begampura,262,Sardar Husain,Basheer Husain, Begampura,9837869725,Residential Self ,48,0,48,0,372,0
389,16- Begampura, Begampura,262/1,Sardar Husain,Basheer Husain, Begampura,9837869725,Commercial Self ,66,0,66,0,0,0
390,16- Begampura, Begampura,263/264,Kanji House Nagar Palika Parishad,-, Begampura,-, Open plot,0,0,0,0,0,0
391,16- Begampura, Begampura,264/1,Shop Nagar Palika Parishad,-, Begampura,-,Commercial Self ,0,0,0,0,0,0
392,16- Begampura, Begampura,265,Shop Nagar Palika Parishad,-, Begampura,-,Commercial Self ,0,0,0,0,0,0
393,16- Begampura, Begampura,265/1,Shop Nagar Palika Parishad,-, Begampura,-,Commercial Self ,0,0,0,0,0,0
394,16- Begampura, Begampura,265/2,Shop Nagar Palika Parishad,-, Begampura,-,Commercial Self ,0,0,0,0,0,0
395,16- Begampura, Begampura,265/3,Shop Nagar Palika Parishad,-, Begampura,-,Commercial Self ,0,0,0,0,0,0
396,16- Begampura, Begampura,265/4,Shop Nagar Palika Parishad,-, Begampura,-,Commercial Self ,0,0,0,0,0,0
397,16- Begampura, Begampura,265/5,Shop Nagar Palika Parishad,-, Begampura,-,Commercial Self ,0,0,0,0,0,0
398,16- Begampura, Begampura,265/6,Shop Nagar Palika Parishad,-, Begampura,-,Commercial Self ,0,0,0,0,0,0
399,16- Begampura, Begampura,265/7,Shop Nagar Palika Parishad,-, Begampura,-,Commercial Self ,0,0,0,0,0,0
400,16- Begampura, Begampura,266,Ahsan Ilahi,Azeez Urf Jiju, Begampura,9690372488,Commercial Self ,91,0,91,0,0,0
401,16- Begampura, Begampura,267,Ahsan Ilahi,Azeez Urf Jiju, Begampura,9690372489,Commercial Self ,91,0,91,0,0,0
402,16- Begampura, Begampura,268,"Raees,Anees",Mahmood, Begampura,9719444340,Commercial Self ,73,1331,73,1331,347,3058
403,16- Begampura, Begampura,269,"Raees,Anees",Mahmood, Begampura,9719444340,Commercial Self ,85,179,85,179,0,0
404,16- Begampura, Begampura,270,"Raees,Anees",Mahmood, Begampura,9719444340,Residential Self ,55,0,55,0,365,300
405,16- Begampura, Begampura,271,"Raees,Anees",Mahmood, Begampura,9719444340,Commercial Self ,73,0,73,0,0,0
406,16- Begampura, Begampura,272,"Raees,Anees",Mahmood, Begampura,9719444340,Commercial Self ,145,0,145,0,0,0
407,16- Begampura, Begampura,272/1,Saleem,Hafizul, Begampura,9997825529,Residential Self ,73,241,73,241,420,3696
408,16- Begampura, Begampura,273,Ahsan Ilahi,Azeez Adopted Son, Begampura,9690372488,Residential Self ,48,0,48,0,372,0
409,16- Begampura, Begampura,274,"Khursheeda Begam W/O Tufail, Shahjad,Noshad",Tufail, Begampura,9027035934,Residential Self ,55,0,55,0,0,0
410,16- Begampura, Begampura,275,Naeem,Hafijulla, Begampura,9927854840,Residential Self ,45,95,45,95,375,750
411,16- Begampura, Begampura,276,Meharban,Hafijulla, Begampura,7417681595,Residential Self ,45,0,45,0,375,0
412,16- Begampura, Begampura,277,Meharban,Hafijulla, Begampura,7417681595,Residential Self ,0,0,0,0,0,0
413,16- Begampura, Begampura,277/1,Mithlesh,Raj Bahadur, Begampura,-,Residential Self ,55,0,55,0,365,0
414,16- Begampura, Begampura,277/2,"Khursheeda Begam W/O Tufail, Shahjad,Noshad",Tufail, Begampura,9927035934,Commercial Self ,61,0,61,0,420,868
415,16- Begampura, Begampura,278,"Shakeel,Munna,Pappu",Haneef, Begampura,9917274050,Residential Self ,91,879,91,879,329,2429
416,16- Begampura, Begampura,279,Hanifa,Sageer, Begampura,9319395417,Residential Self ,48,159,48,159,372,1096
417,16- Begampura, Begampura,280,Basheer,Akbar, Begampura,9368307711,Residential Self ,48,223,48,223,372,1548
418,16- Begampura, Begampura,281,Anees,Mahmood, Begampura,9149322783,Residential Self ,73,0,73,0,347,0
419,16- Begampura, Begampura,282,Raees,Mahmood, Begampura,9719444340,Residential Self ,73,241,73,241,0,0
420,16- Begampura, Begampura,282/1,Raees ,Mahmood, Begampura,9719444340,Commercial Self ,121,400,121,400,0,0
421,16- Begampura, Begampura,283,Milkiyat Masjid Saray,-, Begampura,7078000015,Commercial Self ,48,48,48,48,0,0
422,16- Begampura, Begampura,283/A,Milkiyat Masjid Saray,-, Begampura,8439725476,Commercial Self ,48,159,48,159,0,0
423,16- Begampura, Begampura,283/1,Milkiyat Masjid Saray,-, Begampura,8923442297,Commercial Self ,436,9083,436,9083,0,0
424,16- Begampura, Begampura,283/2,Milkiyat Masjid Saray,-, Begampura,9045389824,Commercial Self ,48,0,48,0,0,0
425,16- Begampura, Begampura,283/3,Milkiyat Masjid Saray,-, Begampura,9045389825,Commercial Self ,48,48,48,48,0,0
426,16- Begampura, Begampura,284,"Subhash Chand,Ishwar Chand",Padam Parsad, Begampura,9520255000,Residential Self ,55,0,55,0,365,0
427,16- Begampura, Begampura,285,"Subhash Chand,Ishwar Chand",Padam Parsad, Begampura,9520255000,Commercial Self ,145,0,145,0,0,0
428,16- Begampura, Begampura,286,"Subhash Chand,Ishwar Chand",Padam Parsad, Begampura,9520255000,Commercial Self ,110,0,110,0,0,0
429,16- Begampura, Begampura,287,Shiv Kumar,Sevaram, Begampura,9897768612,Commercial Self ,48,0,48,0,372,0
430,16- Begampura, Begampura,288,Susheel Kumar,Sevaram, Begampura,9897189567,Commercial Self ,48,0,48,0,0,0
431,16- Begampura, Begampura,289,"Pawan Kumar,Satish Kumar",Sevaram, Begampura,9058731573,Residential Self ,48,0,48,0,0,0
432,16- Begampura, Begampura,290,Mustakeem,Mangta, Begampura,-,Residential Self ,48,7889,48,9203,0,0
433,16- Begampura, Begampura,291,Naseem,Mangta, Begampura,9027201374,Residential Self ,48,101,48,101,0,0
434,16- Begampura, Begampura,292,Yusuf,Mangta, Begampura,8273706323,Residential Self ,48,0,48,0,420,0
435,16- Begampura, Begampura,293,Intjar,Liyakat, Begampura,9917711919,Commercial Self ,121,254,121,254,0,0
436,16- Begampura, Begampura,294,   Israr,Liyakat, Begampura,9917711919,Commercial Self ,121,254,121,254,420,840
437,16- Begampura, Begampura,295,Istikar,Liyakat, Begampura,9917711919,Commercial Self ,121,254,121,0,299,299
438,16- Begampura, Begampura,295/1,Ahsan,Liyakat, Begampura,9917711919,Commercial Self ,121,0,121,254,0,0
439,16- Begampura, Begampura,296,"Intijar,Israr,Istikar,Ahsar",Liyakat, Begampura,9917711919,Residential Self ,66,0,66,139,0,0
440,16- Begampura, Begampura,296/1,Liyakat,Nanha, Begampura,9917711919,Commercial Self ,132,277,132,437,0,0
441,16- Begampura, Begampura,296/2,Liyakat,Nanha, Begampura,9917711919,Commercial Self ,73,455,73,241,0,0
442,16- Begampura, Begampura,296/3,Liyakat,Nanha, Begampura,9917711919,Commercial Self ,73,241,73,241,0,0
443,16- Begampura, Begampura,296/4,Kabristan Fakiro Ke,-, Begampura,-,Kabristan,0,0,0,0,0,0
444,16- Begampura, Begampura,296/5,Mehvis Fatma,Bakar Husain, Begampura,9927203557,Residential Self ,55,55,55,55,0,0
445,16- Begampura, Begampura,296/6,Mehvis Fatma,Bakar Husain, Begampura,9927203557, Open plot,0,0,0,0,0,0
446,16- Begampura, Begampura,296/7,Yaseen,Bakhtavar, Begampura,-,Residential Self ,48,2474,48,2476,0,0
447,16- Begampura, Begampura,296/8,Vakeela,Islam, Begampura,8630459061,Residential Self ,66,778,66,778,354,2652
448,16- Begampura, Begampura,296/9,Shokeen,Noora, Begampura,9897483854, Open plot,0,0,0,0,0,0
449,16- Begampura, Begampura,296/10,Hajra Begam,Seeda, Begampura,6398111011,Residential Self ,48,293,48,293,372,1800
450,16- Begampura, Begampura,296/11,Harun,Jameel, Begampura,8445175161,Residential Self ,48,48,48,48,372,372
451,16- Begampura, Begampura,296/12,Raees Ahmad,Laik Ahmad, Begampura,8279455653,Mixed Self ,48,159,48,159,0,0
452,16- Begampura, Begampura,296/13,Abdul Hafeez,Laik Ahmad, Begampura,9358036081,Residential Self ,73,153,73,153,420,840
453,16- Begampura, Begampura,296/13A,Akhtar,Haneef, Begampura,9368869292,Residential Self ,66,307,66,307,0,0
454,16- Begampura, Begampura,296/13B,Israna Begam,Vakeel Ahmad, Begampura,6397868831,Residential Self ,100,1143,100,1143,320,2140
455,16- Begampura, Begampura,296/13C,Shakeel,Haneef, Begampura,7417869100,Residential Self ,66,139,66,219,0,0
456,16- Begampura, Begampura,296/14,Irfan,Umardeen, Begampura,-,Mixed Self ,61,61,61,61,359,359
457,16- Begampura, Begampura,296/15,Sanjeev Kumar S/O Chetan Lal,Ankit Kumar Jain, Begampura,9897226945,Godam,48,0,48,0,372,0
458,16- Begampura, Begampura,296/16,Sanjeev Kumar S/O Chetan Lal,Ankit Kumar Jain, Begampura,9897226945,Commercial Self ,44,0,44,0,0,0
459,16- Begampura, Begampura,296/17,Najeer Ahmad,Basheer Ahmad, Begampura,9720928314,Residential Self ,66,0,66,0,354,0
460,16- Begampura, Begampura,296/18,Jamila,Yusuf, Begampura,8923073817,Residential Self ,48,370,48,370,372,2052
461,16- Begampura, Begampura,296/19,"Suman W/O Mukesh Kumar Urf Lallu Kumhar, Shubham,Lakki,Satyam",Mukesh Kumar Urf Lallu Kumhar, Begampura,-,Residential Self ,48,565,48,565,372,2196
462,16- Begampura, Begampura,296/19A,Bano,Shameem, Begampura,9917274050,Residential Self ,66,76,66,76,354,354
463,16- Begampura, Begampura,296/20,Ali Ahmad,-, Begampura,-,Residential Self ,44,0,44,0,0,0
464,16- Begampura, Begampura,296/21,Tofeek,Yameen, Begampura,9027554705,Residential Self ,48,0,48,0,372,0
465,16- Begampura, Begampura,296/22,Nafisa Begam,Yaseen, Begampura,9457860132,Mixed Self ,50,0,50,0,370,0
466,16- Begampura, Begampura,296/22A,"Irfan S/O Ameer Ahmad, Abdul Hafeez",Rasheed Ahmad, Begampura,-,Residential Self ,100,1143,100,1376,320,2340
467,16- Begampura, Begampura,296/22B,Bhabhuli,Bundu, Begampura,8923652266,Mixed Self ,110,364,110,354,0,0
468,16- Begampura, Begampura,296/23,Bhabhuli,Bundu, Begampura,9017290182,Mixed Self ,275,911,275,911,420,1240
469,16- Begampura, Begampura,296/24,Kallan,Allarakha, Begampura,-,Residential Self ,44,2253,44,1503,0,0
470,16- Begampura, Begampura,296/25,Mumtaj,Habeeb Ahmad, Begampura,9810746956,Residential Self ,48,1623,48,1628,0,0
471,16- Begampura, Begampura,296/26,Jalalideen,Naseer Ahmad, Begampura,7533876786,Residential Self ,61,128,61,128,0,0
472,16- Begampura, Begampura,296/27,"Nadeem,Irfan",Shafeek, Begampura,7310914056,Commercial Self ,48,0,48,0,372,372
473,16- Begampura, Begampura,296/28,"Nadeem,Irfan",Shafeek, Begampura,7310914056,Commercial Self ,480,0,400,0,0,0
474,16- Begampura, Begampura,296/29,"Nadeem,Irfan",Shafeek, Begampura,7310914056,Commercial Self ,48,0,48,0,0,0
475,16- Begampura, Begampura,296/29A,"Nadeem,Irfan",Shafeek, Begampura,7310914056,Residential Self ,300,0,300,0,0,0
476,16- Begampura, Begampura,296/30A,Vakila,Mustak, Begampura,7310700830,Residential Self ,220,3495,220,3495,200,1380
477,16- Begampura, Begampura,296/30,Irshad,Ishak, Begampura,9358091939,Residential Self ,55,650,55,1007,0,0
478,16- Begampura, Begampura,296/31,Islam,Ishak, Begampura,9528195454,Mixed Self ,66,2769,66,1547,0,0
479,16- Begampura, Begampura,296/32,Raees,Ameer Ahmad, Begampura,8077125494,Residential Self ,44,145,44,145,420,3240
480,16- Begampura, Begampura,296/32A,"Ahsan S/O Rasheed, Irfan",Rasheed, Begampura,6396718878,Residential Self ,66,0,66,0,354,0
481,16- Begampura, Begampura,296/32B,Shahjad,Jalaludeen, Begampura,9758212366,Residential Self ,330,0,330,0,0,0
482,16- Begampura, Begampura,296/33,Munfaid,Jahoor Ahmad, Begampura,9568963810,Residential Self ,48,101,48,101,0,0
483,16- Begampura, Begampura,296/33A,Mina,Khaleel Ahmad, Begampura,8791740952,Residential Self ,132,612,132,637,288,1112
484,16- Begampura, Begampura,296/33B,Rasheed Ali,Hameed Ahmad, Begampura,9313281919,Residential Self ,77,1407,77,1407,0,0
485,16- Begampura, Begampura,296/34C,Mohd Anvar Urf Sukku,Karam Ilahi, Begampura,7827294558,Residential Self ,66,0,66,0,354,0
486,16- Begampura, Begampura,296/34D,Asgar Urf Sukku,Karam Ilahi, Begampura,9627232077,Residential Self ,66,0,66,0,354,0
487,16- Begampura, Begampura,296/34E,Shafeek,Rafeek, Begampura,9548044479,Residential Self ,440,0,440,0,0,0
488,16- Begampura, Begampura,296/34E/1,Saleem Ahmad,Akhtar Hasan, Begampura,8394094378,Residential Self ,220,0,220,0,200,0
489,16- Begampura, Begampura,296/35,Dilshad,Basheer Ahmad, Begampura,9761939164,Residential Self ,66,0,66,0,354,0
490,16- Begampura, Begampura,296/35A,Mohd Rijvan,Sageer Ahmad, Begampura,9997474775,Residential Self ,48,293,48,293,372,5400
491,16- Begampura, Begampura,296/35A1,Raisa,Shareef Ahmad, Begampura,-,Residential Self ,61,202,61,202,359,1057
492,16- Begampura, Begampura,296/35C,Najmul Islam,Basheer Ahmad, Begampura,9897667252,Residential Self ,165,3440,165,1250,255,2220
493,16- Begampura, Begampura,296/36,Puspa Devi,Rameshchand, Begampura,9760012565,Ice Factri,605,0,605,0,0,0
494,16- Begampura, Begampura,296/36A,Puspa Devi,Rameshchand, Begampura,9760012565, Open plot,0,0,0,0,0,0
495,16- Begampura, Begampura,296/36B,Aabad,Naimudeen, Begampura,9917118674,Residential Self ,330,1092,330,1092,90,250
496,16- Begampura, Begampura,296/36C,Mehmooda ,Naimudeen, Begampura,9068585314,Residential Self ,55,257,55,256,0,0
497,16- Begampura, Begampura,296/36D,Meharban,Habeeb, Begampura,9012766340,Residential Self ,66,905,66,905,354,2652
498,16- Begampura, Begampura,296/36E,Shafeek,Lateef, Begampura,9760381560,Residential Self ,77,0,77,0,0,0
499,16- Begampura, Begampura,296/36F,Fajil,Ilyas, Begampura,9761782342,Residential Self ,55,0,55,0,365,0
500,16- Begampura, Begampura,296/36G,Mohd Tohid,Mohd Taiyyab, Begampura,8439148755,Residential Self ,55,337,55,337,365,730
501,16- Begampura, Begampura,296/36G1,Naseema Begam,Naimudeen, Begampura,8171527820,Residential Self ,198,0,198,0,222,0
502,16- Begampura, Begampura,296/36G2,Shahjad,Akhtar Hasan, Begampura,9897211157,Residential Self ,220,220,220,220,200,200
503,16- Begampura, Begampura,296/36G3,"Shamshad S/O Akhtar Hasan, Shabana W/O",Shamshad, Begampura,9012022026,Residential Self ,220,0,220,0,200,0
504,16- Begampura, Begampura,296/36G4,Dilshad Ali,Akhtar Hasan, Begampura,8791508184,Residential Self ,220,728,220,728,200,580
505,16- Begampura, Begampura,296/36H,Shehnaj D/O,Haji Rijvan, Begampura,-, Open plot,204,40,0,40,420,0
506,16- Begampura, Begampura,296/36H1,Nusrat,Sarfaraj, Begampura,9368404129,Mixed Self ,66,66,66,1205,354,2892
507,16- Begampura, Begampura,296/36 I,Masjid Fatma,-, Begampura,9897986184,Mosque,0,0,0,0,0,0
508,16- Begampura, Begampura,296/37,Usha Rani,Rameshchand, Begampura,9045555567,Commercial Self ,121,121,121,121,299,299
509,16- Begampura, Begampura,296/37A,Husan Bano ,W/O Iqbaal, Begampura,9012189550,Residential Self ,180,836,180,836,240,920
510,16- Begampura, Begampura,296/37B,Nafees,Majeed, Begampura,9756044693,Residential Self ,88,185,88,185,420,840
511,16- Begampura, Begampura,296/37C,Gayyur,Habeeb, Begampura,9760262540,Residential Self ,110,110,110,110,310,310
512,16- Begampura, Begampura,296/37D,Raees,Ahmad, Begampura,7417434255,Residential Self ,66,0,66,0,354,0
513,16- Begampura, Begampura,296/37E,Rajiv Verma,Meharchand, Begampura,9719345194,Residential Self ,110,231,110,231,0,0
514,16- Begampura, Begampura,296/37E1,Sonika Garg,Atul Kumar Garg, Begampura,-,Residential Self ,55,0,55,0,0,0
515,16- Begampura, Begampura,296/37F,Anvari,Intajar, Begampura,9528863987,Residential Self ,88,409,88,409,332,1288
516,16- Begampura, Begampura,296/37G,Jareef,Ismail, Begampura,9027826659,Residential Self ,55,0,55,0,365,0
517,16- Begampura, Begampura,296/37H,Rashid,Jareef, Begampura,8899370568,Residential Self ,55,0,55,0,365,0
518,16- Begampura, Begampura,296/37 I,Jaheer,Shareef, Begampura,7078481724,Residential Self ,55,0,55,0,0,0
519,16- Begampura, Begampura,296/37J,Ombeer Singh Bhoora Wale,-, Begampura,9917485155,Residential Self ,88,406,88,409,332,1288
520,16- Begampura, Begampura,296/37K,Harun,Yaseen, Begampura,8864837101,Residential Self ,44,339,44,339,376,2076
521,16- Begampura, Begampura,296/37L,Haseen,Rafeek, Begampura,8445694617,Residential Self ,55,256,55,256,365,1420
522,16- Begampura, Begampura,296/37/O,Ikram,Suleman, Begampura,-,Residential Self ,44,204,44,204,376,1108
523,16- Begampura, Begampura,296/37M,Ashraf Ali,Karam Ilahi Urf Sukku, Begampura,9017777154,Residential Self ,220,0,220,0,200,0
524,16- Begampura, Begampura,296/38,Anjana Devi,Shiv Kumar, Begampura,-, Open plot,0,0,0,0,0,0
525,16- Begampura, Begampura,296/39,Sunil Kumar,Subhash Chand, Begampura,8755173761,Residential Self ,110,0,110,0,310,0
526,16- Begampura, Begampura,296/39A,"Samina Khatoon W/O Shakeel Ahmad,Balkisha Khatoon W/O",Irfan, Begampura,9927851439,Ice Factri,660,2185,660,2185,0,0
527,16- Begampura, Begampura,296/39B,Payal,Manoj Kumar, Begampura,9837002900,Residential Self ,110,1748,110,1748,0,0
528,16- Begampura, Begampura,296/39C,Dr Ghanshyam,Ravidatt Sharma, Begampura,9997038123, Open plot,66,0,66,0,354,354
529,16- Begampura, Begampura,296/39D,Shobha,Dr Ghanshyam, Begampura,9997038123,Residential Self ,66,0,66,0,0,0
530,16- Begampura, Begampura,296/39E,Saroj Sharma,Sevaram, Begampura,9758621652,Residential Self ,44,44,44,44,376,376
531,16- Begampura, Begampura,296/40,Sarasvati Shishu Mandir,-, Begampura,9917103474,Primary School,0,0,0,0,420,2640
532,16- Begampura, Begampura,297,Sarasvati Shishu Mandir,-, Begampura,9897069783,Primary School,0,0,0,0,0,0
533,16- Begampura, Begampura,298,Bankhandi Mandir,-, Begampura,9760244851,Temple ,0,0,0,0,420,1640
534,16- Begampura, Begampura,299,Devi Mandir,-, Begampura,9412406390,Temple ,0,0,0,0,0,0
535,16- Begampura, Begampura,300,Hanuman Mandir,-, Begampura,-,Temple ,0,0,0,0,420,5640
536,16- Begampura, Begampura,301,Kali Mandir,-, Begampura,-,Temple ,0,0,0,0,420,6540
537,16- Begampura, Begampura,301/1,Vishvakarma Mandir,-, Begampura,-,Temple ,0,0,0,0,0,0
538,16- Begampura, Begampura,302,Kamboj Mandir,-, Begampura,-,Temple ,0,0,0,0,420,6540
539,16- Begampura, Begampura,303,Milkiyat Mandir Kamboj,-, Begampura,-, Open plot,145,481,145,481,0,0
540,16- Begampura, Begampura,303/1,Milkiyat Goushala,-, Begampura,9837067020,Commercial Self ,73,0,73,0,0,0
541,16- Begampura, Begampura,303/2,Milkiyat Goushala,-, Begampura,9837067020,Commercial Self ,73,0,73,0,0,0
542,16- Begampura, Begampura,303/3,Milkiyat Goushala,-, Begampura,9411927807,Commercial Self ,73,0,73,0,0,0
543,16- Begampura, Begampura,304,Milkiyat Goushala,-, Begampura,9520255000,Commercial Self ,43,0,43,0,0,0
544,16- Begampura, Begampura,305,Milkiyat Goushala,-, Begampura,-,Goushala,0,0,0,0,0,0
545,16- Begampura, Begampura,306,Milkiyat Goushala,-, Begampura,9760144846,Commercial Self ,48,0,48,0,0,0
546,16- Begampura, Begampura,307,Milkiyat Goushala,-, Begampura,9897768612,Commercial Self ,61,0,61,0,0,0
547,16- Begampura, Begampura,308,Milkiyat Goushala,-, Begampura,9897768613,Commercial Self ,44,0,44,0,0,0
548,16- Begampura, Begampura,309,Milkiyat Goushala,-, Begampura,9045839842,Commercial Self ,73,0,73,0,0,0
549,16- Begampura, Begampura,309/1,Milkiyat Goushala,-, Begampura,9520255000,Commercial Self ,61,0,61,0,0,0
550,16- Begampura, Begampura,309/2,"Ikbal,Irshad",Rafeek, Begampura,9719005242,Commercial Self ,220,220,220,220,200,200
551,16- Begampura, Begampura,310,"Ikbal,Irshad",Rafeek, Begampura,9719005242, -,67,67,67,67,0,0
552,16- Begampura, Begampura,311,"Sunny Garg,Susheel Kumar,Suman",Susheel, Begampura,-,Residential Self ,67,409,67,409,420,2040
553,16- Begampura, Begampura,312,"Sunny Garg,Susheel Kumar,Suman",Susheel, Begampura,-,Commercial Self ,0,0,0,0,0,0
554,16- Begampura, Begampura,313,"Sunny Garg,Susheel Kumar,Suman",Susheel, Begampura,-,Commercial Self ,0,0,0,0,0,0
555,16- Begampura, Begampura,314,Arya Collage Kairana Society,-, Begampura,6396117979,Commercial Self ,436,0,436,0,0,0
556,16- Begampura, Begampura,315,Arya Collage Kairana Society,-, Begampura,7895666016,Commercial Self ,218,0,218,0,0,0
557,16- Begampura, Begampura,316,Arya Collage Kairana Society,-, Begampura,9927200669,Commercial Self ,436,436,436,436,0,0
558,16- Begampura, Begampura,317,Arya Collage Kairana Society,-, Begampura,7302344570,Commercial Self ,436,1444,436,1444,0,0
559,16- Begampura, Begampura,318,Arya Collage Kairana Society,-, Begampura,9917547080,Primary School,0,0,0,0,420,2160
560,16- Begampura, Begampura,319,"Peer Majar Sanrakshak Majar Committee Hafijul,Shahjad,Ch Sarvar Hasan",-, Begampura,9897085633,Majar,0,0,0,0,0,0
561,16- Begampura, Begampura,319/1,"Peer Majar Sanrakshak Majar Committee Hafijul,Shahjad,Ch Sarvar Hasan",-, Begampura,7417776961,Commercial Self ,290,960,290,960,0,0
562,16- Begampura, Begampura,319/2,"Peer Majar Sanrakshak Majar Committee Hafijul,Shahjad,Ch Sarvar Hasan",-, Begampura,9897085335,Commercial Self ,290,609,290,609,0,0
563,16- Begampura, Begampura,319/3,"Peer Majar Sanrakshak Majar Committee Hafijul,Shahjad,Ch Sarvar Hasan",-, Begampura,7017138197,Commercial Self ,290,2405,290,3457,420,20
564,16- Begampura, Begampura,319/4,"Peer Majar Sanrakshak Majar Committee Hafijul,Shahjad,Ch Sarvar Hasan",-, Begampura,9719444340,Commercial Self ,290,960,290,960,0,0
565,16- Begampura, Begampura,320,"Peer Majar Sanrakshak Majar Committee Hafijul,Shahjad,Ch Sarvar Hasan",-, Begampura,9719444340,Commercial Self ,0,0,0,0,0,0
566,16- Begampura, Begampura,321,Dildar,Mahmood, Begampura,7417170197,Residential Self ,85,179,85,179,420,840
567,16- Begampura, Begampura,322,Dildar,Mahmood, Begampura,7417170197,Commercial Self ,0,0,0,0,0,0
568,16- Begampura, Begampura,323,Dildar,Mahmood, Begampura,7417170197,Commercial Self ,436,916,436,916,0,0
569,16- Begampura, Begampura,324,Mahboob,Ramjani, Begampura,9358585958,Commercial Self ,121,0,121,0,0,0
570,16- Begampura, Begampura,325,Mahboob,Ramjani, Begampura,9358585958,Commercial Self ,220,0,220,0,0,0
571,16- Begampura, Begampura,326,Mahboob,Ramjani, Begampura,9358585958,Commercial Self ,0,0,0,0,0,0
572,16- Begampura, Begampura,327,Mahboob,Ramjani, Begampura,9358585958,Commercial Self ,220,0,220,220,200,1696
573,16- Begampura, Begampura,327/1,Mahboob,Ramjani, Begampura,9358585958,Commercial Self ,0,0,0,0,0,0
574,16- Begampura, Begampura,327/2,Mahboob,Ramjani, Begampura,9358585958,Commercial Self ,220,2087,220,2087,0,0
575,16- Begampura, Begampura,327/3,Mahboob,Ramjani, Begampura,9358585958,Commercial Self ,0,0,0,0,0,0
576,16- Begampura, Begampura,327/4,Mahboob,Ramjani, Begampura,9358585958,Commercial Self ,0,0,0,0,0,0
577,16- Begampura, Begampura,327/5,Mahboob,Ramjani, Begampura,9358585958,Commercial Self ,330,0,330,3130,0,0
578,16- Begampura, Begampura,327/6,Mahboob,Ramjani, Begampura,9358585958,Commercial Self ,0,0,0,0,0,0
579,16- Begampura, Begampura,327/7,Mahboob,Ramjani, Begampura,9358585958,Commercial Self ,330,3130,330,3130,0,0
580,16- Begampura, Begampura,327/8,Mahboob,Ramjani, Begampura,9358585958,Commercial Self ,0,0,0,0,0,0
581,16- Begampura, Begampura,327/9,Mahboob,Ramjani, Begampura,9358585958,Commercial Self ,0,0,0,0,0,0
582,16- Begampura, Begampura,328,Mahboob,Ramjani, Begampura,9358585958,Residential Self ,0,0,0,0,0,0
583,16- Begampura, Begampura,329,Chota,Manjura, Begampura,9927143404,Residential Self ,48,370,48,370,372,2052
584,16- Begampura, Begampura,330,"Jameel,Mobin",Niyaj, Begampura,8439595874,Residential Self ,48,0,48,0,420,194
585,16- Begampura, Begampura,331,"Khursheeda W/O Asgar,Tofeek,Shahnavaz,Aalam,Salman",Asgar, Begampura,8449062300,Residential Self ,48,0,48,0,372,0
586,16- Begampura, Begampura,332,"Sattar,Shahjad,Irshad,Irfan,Dilshad,Shakeel,Noshad,Vakeel",Sardara, Begampura,9012177004,Residential Self ,48,48,48,48,372,372
587,16- Begampura, Begampura,333,Molvi Zeeshan,Mohd Hasan, Begampura,9760701530,Residential Self ,61,0,61,0,359,0
588,16- Begampura, Begampura,334,"Sattar,Shahjad,Irshad,Irfan,Dilshad,Shakeel,Noshad,Vakeel",Sardara, Begampura,9012177004,Residential Self ,48,101,48,101,420,840
589,16- Begampura, Begampura,334/1,"Sattar,Shahjad,Irshad,Irfan,Dilshad,Shakeel,Noshad,Vakeel",Sardara, Begampura,9012177004,Commercial Self ,0,0,0,0,0,0
590,16- Begampura, Begampura,334/2,"Sattar,Shahjad,Irshad,Irfan,Dilshad,Shakeel,Noshad,Vakeel",Sardara, Begampura,9012177004,Commercial Self ,0,0,0,0,0,0
591,16- Begampura, Begampura,335,"Mohd Taiyyab S/O Amirudeen,Shehnaz Begam",Mohd Taiyyab, Begampura,9548015801,Residential Self ,73,548,73,456,347,1348
592,16- Begampura, Begampura,336,"Mohd Taiyyab S/O Amirudeen,Shehnaz Begam",Mohd Taiyyab, Begampura,9548015801,Residential Self ,73,338,73,1044,0,0
593,16- Begampura, Begampura,337,"Mohd Taiyyab S/O Amirudeen,Shehnaz Begam",Mohd Taiyyab, Begampura,9548015801,Residential Self ,73,338,73,338,0,0
594,16- Begampura, Begampura,338,"Mohd Taiyyab S/O Amirudeen,Shehnaz Begam",Mohd Taiyyab, Begampura,9548015801,Residential Self ,73,338,73,338,0,0
595,16- Begampura, Begampura,339,"Mohd Taiyyab S/O Amirudeen,Shehnaz Begam",Mohd Taiyyab, Begampura,9548015801,Residential Self ,73,338,73,338,0,0
596,16- Begampura, Begampura,340,Irfan,Yusuf, Begampura,9012294188,Residential Self ,48,48,48,48,372,1488
597,16- Begampura, Begampura,341,Subhash Chand,Hukam Chand, Begampura,8430032199,Commercial Self ,44,0,44,0,0,0
598,16- Begampura, Begampura,342,Khushnuma,Manjoor Ahmad, Begampura,-,Residential Self ,48,1623,48,1623,372,4880
599,16- Begampura, Begampura,343,Ravindar Kumar,Dayaram, Begampura,9368170719,Residential Self ,66,66,66,66,420,840
600,16- Begampura, Begampura,343/1,Ravindar Kumar,Dayaram, Begampura,9568252571,Residential Self ,220,462,220,462,0,0
601,16- Begampura, Begampura,344,"Khursheeda W/O Asgar,Tofeek,Shahnavaz,Aalam,Salman",Asgar, Begampura,8449062300,Residential Self ,48,0,48,0,372,0
602,16- Begampura, Begampura,345,Saeed,Basheer, Begampura,9761690956,Residential Self ,48,48,48,48,372,372
603,16- Begampura, Begampura,346,Molvi Zeeshan,Mohd Hasan, Begampura,9760701530,Residential Self ,110,9,110,9,0,0
604,16- Begampura, Begampura,347,"Sattar,Shahjad,Irshad,Irfan,Dilshad,Shakeel,Noshad,Vakeel",Sardara, Begampura,9012177004,Residential Self ,48,101,48,101,372,744
605,16- Begampura, Begampura,347/1,"Yusuf,Yunus",Salimudeen, Begampura,8923066993,Mixed Self ,55,337,55,337,0,0
606,16- Begampura, Begampura,348,Police Choki,-, Begampura,9454404069,Police Choki,0,0,0,0,0,0
607,16- Begampura, Begampura,349,Partha,Jitendra Kumar Jain, Begampura,9457812972,Residential Self ,48,159,48,159,372,1096
608,16- Begampura, Begampura,350,Partha,Jitendra Kumar Jain, Begampura,9457812972,Commercial Self ,55,183,55,183,0,0
609,16- Begampura, Begampura,351,Milkiyat Goushala,-, Begampura,9358113412,Commercial Self ,61,128,61,128,0,0
610,16- Begampura, Begampura,351/1,Milkiyat Goushala,-, Begampura,9358113412,Residential Self ,44,92,44,92,0,0
611,16- Begampura, Begampura,352,Milkiyat Goushala,-, Begampura,9997038123,Commercial Self ,121,0,121,0,420,0
612,16- Begampura, Begampura,352/1,Milkiyat Goushala,-, Begampura,9997038123,Residential Self ,66,0,66,0,0,0
613,16- Begampura, Begampura,353,Shiv Kumar,Sevaram, Begampura,9058731573,Residential Self ,152,0,152,0,268,0
614,16- Begampura, Begampura,354,Goushala,-, Begampura,9333277600,Commercial Self ,36,573,36,573,420,3540
615,16- Begampura, Begampura,355,Piau-Nagar Palika Parishad Kairana,-, Begampura,-,Police Choki,0,0,0,0,0,0
616,16- Begampura, Begampura,356,"Pawan Kumar,Satish Kumar",Sevaram, Begampura,9058731573,Commercial Self ,73,0,73,0,0,0
617,16- Begampura, Begampura,357,"Devendra S/O Jadoram,Suman Rani W/O",Devendra Kumar, Begampura,8126339672,Commercial Self ,145,0,145,0,0,0
618,16- Begampura, Begampura,357/1,"Devendra S/O Jadoram,Suman Rani W/O",Devendra Kumar, Begampura,8126339672,Residential Self ,61,0,61,0,0,0
619,16- Begampura, Begampura,358,"Khaleel Ahmad,Akeel Ahmad",Shamshad Ahmad, Begampura,9058011390,Commercial Self ,121,933,121,993,299,1614
620,16- Begampura, Begampura,358/1,"Khaleel Ahmad,Akeel Ahmad",Shamshad Ahmad, Begampura,9058011390,Residential Self ,77,595,77,595,0,0
621,16- Begampura, Begampura,359,Satpal,Dayaram, Begampura,-,Mixed Self ,121,0,121,0,299,0
622,16- Begampura, Begampura,360,Nadeem S/O Samun,Inam S/O Akhlakh, Begampura,9027389436,Mixed Self ,87,87,87,87,333,1051
623,16- Begampura, Begampura,360/1,Nadeem S/O Samun,Inam S/O Akhlakh, Begampura,9027389436,Residential Self ,55,55,55,55,0,0
624,16- Begampura, Begampura,361,Santosh Devi,Ramswaroop, Begampura,9412638675,Commercial Self ,182,0,182,0,0,0
625,16- Begampura, Begampura,361/1,Santosh Devi,Ramswaroop, Begampura,9412638675,Residential Self ,66,0,66,0,0,0
626,16- Begampura, Begampura,362,Shyamlal,Umrao Singh, Begampura,9412638675,Mixed Self ,140,0,140,0,0,0
627,16- Begampura, Begampura,363,"Nimmo Devi, Jay Parkash, Sudesh Kumar",Jay Parkash, Begampura,9012001027,Mixed Self ,97,920,97,920,0,0
628,16- Begampura, Begampura,364,"Kusumlata W/O Tej Parkash, Sanjay,Sandeep",Tej Parkash, Begampura,9927922971,Commercial Self ,581,67,581,0,0,0
629,16- Begampura, Begampura,365,"Kusumlata W/O Tej Parkash, Sanjay,Sandeep",Tej Parkash, Begampura,9927922971,Residential Self ,61,0,61,0,0,0
630,16- Begampura, Begampura,366,Narendar Kumar,Amarnath, Begampura,9719355930,Commercial Self ,73,0,73,0,347,0
631,16- Begampura, Begampura,367,Narendar Kumar,Amarnath, Begampura,9719355930,Residential Self ,121,0,121,0,0,0
632,16- Begampura, Begampura,368,"Neeraj Kumar S/O Shyamlal,Mithlesh W/O Shyamlal,Surekha W/O Subhash S/O Tilakram,Sourabh",Subhash, Begampura,9045893629,Residential Self ,121,121,121,121,0,0
633,16- Begampura, Begampura,369,Aadesh Kumar,Raghunath Parsad, Begampura,9927738383,Commercial Self ,121,0,121,254,299,598
634,16- Begampura, Begampura,369/1,Aadesh Kumar,Raghunath Parsad, Begampura,9927738383,Residential Self ,55,0,55,116,0,0
635,16- Begampura, Begampura,370,"Nand Kishor,Vijay Kumar",Suresh Kumar, Begampura,9410620093,Mixed Self ,121,254,121,254,299,598
636,16- Begampura, Begampura,371,Vipin Kumar,Premchand, Begampura,9568252571,Commercial Self ,152,152,152,152,268,268
637,16- Begampura, Begampura,372,Vipin Kumar,Premchand, Begampura,9568252571,Residential Self ,0,0,0,0,0,0
638,16- Begampura, Begampura,"3,73,374",Parkash Rani,Aasaram, Begampura,9719395505,Mixed Self ,157,0,48,0,263,0
639,16- Begampura, Begampura,375,Gorav,Kirti Bhushan, Begampura,9719395395,Commercial Self ,48,101,97,101,0,0
640,16- Begampura, Begampura,375/1,Virendra Kumar,Omprakash, Begampura,7895762174,Commercial Self ,97,97,157,97,0,0
641,16- Begampura, Begampura,376,Jarina,Vakiluddin, Begampura,9412060982,Commercial Self ,9732,202,9732,202,0,0
642,16- Begampura, Begampura,377,Jarina,Vakiliddin, Begampura,9412060982,Residential Self ,330,1092,330,1092,420,1240
643,16- Begampura, Begampura,378,"Pardeep Kumar, Omkar",Shyam Lal, Begampura,8126784438,Commercial Self ,145,145,145,145,275,275
644,16- Begampura, Begampura,378/1,"Pardeep Kumar, Omkar",Shyam Lal, Begampura,8126784438,Commercial Self ,145,145,145,145,0,0
645,16- Begampura, Begampura,378/2,"Pardeep Kumar, Omkar",Shyam Lal, Begampura,8126784438,Commercial Self ,0,0,0,0,0,0
646,16- Begampura, Begampura,378/3,"Pardeep Kumar, Omkar",Shyam Lal, Begampura,8126784438,Commercial Self ,0,0,0,0,0,0
647,16- Begampura, Begampura,378/4,"Pardeep Kumar, Omkar",Shyam Lal, Begampura,8126784438,Commercial Self ,0,0,0,0,0,0
648,16- Begampura, Begampura,378/5,"Pardeep Kumar, Omkar",Shyam Lal, Begampura,8126784438,Commercial Self ,0,0,0,0,0,0
649,16- Begampura, Begampura,378/6,"Pardeep Kumar, Omkar",Shyam Lal, Begampura,8126784438,Commercial Self ,0,0,0,0,0,0
650,16- Begampura, Begampura,378/7,"Pardeep Kumar, Omkar",Shyam Lal, Begampura,8126784438,Commercial Self ,0,0,0,0,0,0
651,16- Begampura, Begampura,378/8,"Pardeep Kumar, Omkar",Shyam Lal, Begampura,8126784438,Commercial Self ,0,0,0,0,0,0
652,16- Begampura, Begampura,378/9,"Pardeep Kumar, Omkar",Shyam Lal, Begampura,8126784438,Commercial Self ,0,0,0,0,0,0
653,16- Begampura, Begampura,378/10,"Pardeep Kumar, Omkar",Shyam Lal, Begampura,8126784438,Commercial Self ,0,0,0,0,0,0
654,16- Begampura, Begampura,378/11,"Pardeep Kumar, Omkar",Shyam Lal, Begampura,8126784438,Commercial Self ,0,0,0,0,0,0
655,16- Begampura, Begampura,378/12,"Pardeep Kumar, Omkar",Shyam Lal, Begampura,8126784438,Commercial Self ,0,0,0,0,0,0
656,16- Begampura, Begampura,378/13,"Pardeep Kumar, Omkar",Shyam Lal, Begampura,8126784438,Commercial Self ,1444,11141,1444,11141,0,0
657,16- Begampura, Begampura,378/14,"Pardeep Kumar, Omkar",Shyam Lal, Begampura,8126784438,Commercial Self ,0,0,0,0,0,0
658,16- Begampura, Begampura,378/15,"Pardeep Kumar, Omkar",Shyam Lal, Begampura,8126784438,Commercial Self ,0,0,0,0,0,0
659,16- Begampura, Begampura,378/16,"Pardeep Kumar, Omkar",Shyam Lal, Begampura,8126784438,Commercial Self ,0,0,0,0,0,0
660,16- Begampura, Begampura,378/17,"Pardeep Kumar, Omkar",Shyam Lal, Begampura,8126784438,Commercial Self ,0,0,0,0,0,0
661,16- Begampura, Begampura,378/18,"Pardeep Kumar, Omkar",Shyam Lal, Begampura,8126784438,Commercial Self ,0,0,0,0,0,0
662,16- Begampura, Begampura,378/19,"Pardeep Kumar, Omkar",Shyam Lal, Begampura,8126784438,Commercial Self ,581,0,581,0,0,0
663,16- Begampura, Begampura,378/20,"Pardeep Kumar, Omkar",Shyam Lal, Begampura,8126784438,Commercial Self ,0,0,0,0,0,0
664,16- Begampura, Begampura,378/21,"Pardeep Kumar, Omkar",Shyam Lal, Begampura,8126784438,Commercial Self ,0,0,0,0,0,0
665,16- Begampura, Begampura,378/22,"Pardeep Kumar, Omkar",Shyam Lal, Begampura,8126784438,Commercial Self ,0,0,0,0,0,0
666,16- Begampura, Begampura,378/23,"Pardeep Kumar, Omkar",Shyam Lal, Begampura,8126784438,Commercial Self ,0,0,0,0,0,0
667,16- Begampura, Begampura,378/24,"Pardeep Kumar, Omkar",Shyam Lal, Begampura,8126784438,Residential Self ,0,0,0,0,0,0
668,16- Begampura, Begampura,378/25,"Pardeep Kumar, Omkar",Shyam Lal, Begampura,8126784438,Commercial Self ,121,121,121,121,0,0
669,16- Begampura, Begampura,378/26,"Pardeep Kumar, Omkar",Shyam Lal, Begampura,8126784438,Commercial Self ,121,121,121,121,0,0
670,16- Begampura, Begampura,378/27,"Pardeep Kumar, Omkar",Shyam Lal, Begampura,8126784438,Commercial Self ,0,0,0,0,0,0
671,16- Begampura, Begampura,379/28,"Pardeep Kumar, Omkar",Shyam Lal, Begampura,8126784438,Commercial Self ,0,0,0,0,0,0
672,16- Begampura, Begampura,379/29,Neeraj Kumar Jain,Dhan Kumar Jain, Begampura,8755140940,Mixed Self ,194,0,194,0,0,0
673,16- Begampura, Begampura,379/30,Neeraj Kumar Jain,Dhan Kumar Jain, Begampura,8755140940,Commercial Self ,218,0,218,0,0,0
674,16- Begampura, Begampura,380,Neeraj Kumar Jain,Dhan Kumar Jain, Begampura,8755140940,Commercial Self ,77,0,77,0,0,0
675,16- Begampura, Begampura,381,Ashok Kumar,Chetan Kumar, Begampura,9927354070,Commercial Self ,330,0,330,0,0,0
676,16- Begampura, Begampura,382,Ashok Kumar,Chetan Kumar, Begampura,9927354070,Residential Self ,133,0,133,0,287,24
677,16- Begampura, Begampura,383,Ashok Kumar,Chetan Kumar, Begampura,9927354070,Residential Self ,55,0,55,0,0,0
678,16- Begampura, Begampura,384,Jarina,Vakiludeen, Begampura,7906788947,Commercial Self ,121,0,121,0,299,0
679,16- Begampura, Begampura,385,Jarina,Vakiludeen, Begampura,7906788947,Residential Self ,77,0,77,0,0,0
680,16- Begampura, Begampura,386,"Ashok Kumar Ramesh Chand,Seema Devi",Ashok Kumar, Begampura,9897171798,Commercial Self ,97,97,97,97,0,0
681,16- Begampura, Begampura,387,Kuldeep Sharma,Devichand Sharma, Begampura,9012792336,Commercial Self ,121,0,121,0,0,0
682,16- Begampura, Begampura,388,Kuldeep Sharma,Devichand Sharma, Begampura,9012792336,Residential Self ,0,0,0,0,0,0
683,16- Begampura, Begampura,389,"Susheel Kumar,Rajendra Kumar,Aadesh Kumar",Chetan Lal, Begampura,9897184208,Commercial Self ,109,109,109,109,420,444
684,16- Begampura, Begampura,390,"Susheel Kumar,Rajendra Kumar,Aadesh Kumar",Chetan Lal, Begampura,9897184208,Commercial Self ,109,109,109,109,0,0
685,16- Begampura, Begampura,390/1,"Susheel Kumar,Rajendra Kumar,Aadesh Kumar",Chetan Lal, Begampura,9897184208,Residential Self ,48,48,48,48,0,0
686,16- Begampura, Begampura,391,"Mohd Saleem,Mohd Khleel,Mohd Aslam",Kayamat Ali, Begampura,9456060149,Residential Self ,48,101,48,101,372,792
687,16- Begampura, Begampura,392,"Mohd Saleem,Mohd Khleel,Mohd Aslam",Kayamat Ali, Begampura,9456060149,Commercial Self ,109,229,109,229,0,0
688,16- Begampura, Begampura,393,"Mohd Saleem,Mohd Khleel,Mohd Aslam",Kayamat Ali, Begampura,9456060149,Commercial Self ,73,153,73,153,0,0
689,16- Begampura, Begampura,393/1,"Mohd Saleem,Mohd Khleel,Mohd Aslam",Kayamat Ali, Begampura,9456060149,Commercial Self ,0,0,0,0,0,0
690,16- Begampura, Begampura,394,"Mohd Saleem,Mohd Khleel,Mohd Aslam",Kayamat Ali, Begampura,9456060149,Commercial Self ,109,229,109,229,0,0
691,16- Begampura, Begampura,394/1,Jayparkash,Pyarelal, Begampura,-, -,496,54963,436,54595,0,0
692,16- Begampura, Begampura,395,Sarita Rani,Amreesh Kumar, Begampura,9456081571,Commercial Self ,67,0,67,0,0,0
693,16- Begampura, Begampura,396,Manju Kansal,Sudheer Kumar Kansal, Begampura,9997146458,Commercial Self ,290,0,290,0,420,1750
694,16- Begampura, Begampura,396/1,Manju Kansal,Sudheer Kumar Kansal, Begampura,9997146458,Residential Self ,88,0,88,0,0,0
695,16- Begampura, Begampura,397,Santosh,Omkar Sharan, Begampura,9058659300,Commercial Self ,254,0,254,0,0,0
696,16- Begampura, Begampura,398,Deepak Kumar,Rameshchand, Begampura,9997262335,Mixed Self ,206,0,2060,0,0,0
697,16- Begampura, Begampura,399,Ravindar Kumar,Dayaram, Begampura,-,Commercial Self ,218,0,218,0,0,0
698,16- Begampura, Begampura,400,"Pushpendar S/O Nanak Chand,Anuradha Rani",Pushpendar Kumar, Begampura,9927354070,Commercial Self ,303,0,303,0,117,0
699,16- Begampura, Begampura,401,"Pushpendar S/O Nanak Chand,Anuradha Rani",Pushpendar Kumar, Begampura,9927354070,Residential Self ,48,0,48,0,0,0
700,16- Begampura, Begampura,402,"Pushpendar S/O Nanak Chand,Anuradha Rani",Pushpendar Kumar, Begampura,9927354070,Residential Self ,55,0,55,0,0,0
701,16- Begampura, Begampura,403,Haneef,Haji Nasibudeen, Begampura,9719100645,Commercial Self ,212,212,212,212,0,0
702,16- Begampura, Begampura,404,Brahamano Wali Dharamshala,-, Begampura,9456037593,Commercial Self ,97,0,97,0,0,0
703,16- Begampura, Begampura,405,Brahamano Wali Dharamshala,-, Begampura,-,Commercial Self ,242,0,242,0,0,0
704,16- Begampura, Begampura,406,Brahamano Wali Dharamshala,-, Begampura,-,Dharamshala,0,0,0,0,420,0
705,16- Begampura, Begampura,407,Brahamano Wali Dharamshala,-, Begampura,7417925390,Commercial Self ,97,0,97,0,0,0
706,16- Begampura, Begampura,408,Brahamano Wali Dharamshala,-, Begampura, -,Commercial Self ,97,0,97,0,0,0
707,16- Begampura, Begampura,409,Mahendar Kumar,Chetan Lal, Begampura,9286218902,Commercial Self ,91,91,91,91,329,353
708,16- Begampura, Begampura,409/1,Mahendar Kumar,Chetan Lal, Begampura,9286218902,Residential Self ,55,55,55,55,0,0
709,16- Begampura, Begampura,410,Virendra Kumar,Jagpal, Begampura,9456037568,Mixed Self ,121,0,121,0,0,0
710,16- Begampura, Begampura,411,"Mukesg Verma S/O Mohanlal Verma,Saloni Verma W/O",Mukesh Verma, Begampura,9897479071,Commercial Self ,109,0,109,0,420,0
711,16- Begampura, Begampura,412,"Mukesg Verma S/O Mohanlal Verma,Saloni Verma W/O",Mukesh Verma, Begampura,9897479071,Residential Self ,61,0,61,0,0,0
712,16- Begampura, Begampura,413,"Vimla Devi W/O Mahendar Kumar,Naveen Kumar,Parveen Kumar,Ajay Jain, Sanjay Jain S/O Mahendar Kumar,Rekha Jain,Vandana Jain",Mahendar Kumar Jain, Begampura,9756569601,Commercial Self ,121,0,121,0,0,0
713,16- Begampura, Begampura,414,"Vimla Devi W/O Mahendar Kumar,Naveen Kumar,Parveen Kumar,Ajay Jain, Sanjay Jain S/O Mahendar Kumar,Rekha Jain,Vandana Jain",Mahendar Kumar Jain, Begampura,9756569601,Residential Self ,61,0,61,0,0,0
714,16- Begampura, Begampura,415,Foolvati,Bhushan Lal, Begampura,9897888465,Mixed Self ,85,0,85,0,0,0
715,16- Begampura, Begampura,416,Vivek Kumar,Subhash Kumar, Begampura,8439583415,Mixed Self ,73,73,73,73,347,347
716,16- Begampura, Begampura,416/1,Yaseen,Rahimbakhs, Begampura,9927957997,Commercial Self ,73,73,73,73,0,0
717,16- Begampura, Begampura,417,Subhash Chand,Aatmaram, Begampura,8439583415,Commercial Self ,97,0,97,0,323,0
718,16- Begampura, Begampura,418,Subhash Chand,Aatmaram, Begampura,8439583415,Residential Self ,66,0,66,0,323,0
719,16- Begampura, Begampura,419,"Lokesh Kumar S/O Ram Narayanurf Kaluram,Sangeeta Rani W/O ",Lokesh Kumar, Begampura,9456037563,Mixed Self ,85,179,85,179,335,670
720,16- Begampura, Begampura,420,Sanjay Kumar,Aatmaram, Begampura,9412406390,Commercial Self ,242,0,242,0,178,0
721,16- Begampura, Begampura,421,Sanjay Kumar,Aatmaram, Begampura,9412406390,Residential Self ,48,48,48,48,0,0
722,16- Begampura, Begampura,421/1,"Padam Sain S/O Jadoram,Savitri Devi W/O",Padam Sain, Begampura,9897171198,Commercial Self ,48,0,48,0,0,0
723,16- Begampura, Begampura,422,"Jugmendar,Padamsain,Arvind,Sileen",Jadoram, Begampura,9411816154,Commercial Self ,131,0,133,0,289,0
724,16- Begampura, Begampura,423,"Jugmendar,Padamsain,Arvind,Sileen",Jadoram, Begampura,9411816154,Residential Self ,66,0,66,0,0,0
725,16- Begampura, Begampura,424,Rajendar,Baburam, Begampura,9897161933,Commercial Self ,67,67,67,67,0,0
726,16- Begampura, Begampura,425,Ramswaroop,Raghuveer Singh, Begampura,9045839842,Commercial Self ,206,0,206,0,0,0
727,16- Begampura, Begampura,426,Ramswaroop,Raghuveer Singh, Begampura,9045839842,Commercial Self ,66,0,66,0,0,0
728,16- Begampura, Begampura,427,Ramswaroop,Raghuveer Singh, Begampura,9045839842,Residential Self ,0,0,0,0,354,0
729,16- Begampura, Begampura,428,Meenu ,W/O Sachin, Begampura,-,Commercial Self ,600,0,600,0,0,0
730,16- Begampura, Begampura,429,"Vimla Devi W/O Mahendar Kumar,Naveen Kumar,Parveen Kumar,Ajay, Sanjay S/O Mahendar Kumar,Rekha,Vandana",Mahendar Kumar, Begampura,-,Commercial Self ,44,0,44,0,0,0
731,16- Begampura, Begampura,430,"Vimla Devi W/O Mahendar Kumar,Naveen Kumar,Parveen Kumar,Ajay, Sanjay S/O Mahendar Kumar,Rekha,Vandana",Mahendar Kumar, Begampura,-,Residential Self ,85,0,85,0,376,0
732,16- Begampura, Begampura,431,Kusumlata,Omprakash, Begampura,9897190275,Commercial Self ,66,0,66,0,0,0
733,16- Begampura, Begampura,432,"Vivek Urf Vikki,Kapil",Sadhuram, Begampura,9856197491,Residential Self ,61,0,61,0,0,0
734,16- Begampura, Begampura,433,"Vivek Urf Vikki,Kapil",Sadhuram, Begampura,9856197491,Commercial Self ,121,0,121,0,0,0
735,16- Begampura, Begampura,433/2,"Vivek Urf Vikki,Kapil",Sadhuram, Begampura,9856197491,Residential Self ,73,0,73,0,347,0
736,16- Begampura, Begampura,433/1,Vikas Singhal,Omparkash, Begampura,9897190275,Commercial Self ,73,0,73,0,0,0
737,16- Begampura, Begampura,434,Vikas Singhal,Omparkash, Begampura,9897190275,Commercial Self ,218,0,218,0,202,0
738,16- Begampura, Begampura,435,Suresh Kumar,Baburam, Begampura,9058308958,Mixed Self ,79,0,79,0,0,0
739,16- Begampura, Begampura,"436, 437","Sanjeev Kumar Jain S/O Chetan Lal Jain 
V
Ankit Kumar Jain, 
Arpit Kumar Jain S/O Sanjeev Kumar Jain
V
Lalita Jain W/O Sanjeev Kumar Jain
",Sanjeev Kumar Jain, Begampura,9917751506,Commercial Self ,1000,0,1000,0,0,0
740,16- Begampura, Begampura,438,"Chetan Lal S/O Prithvi Singh,Sanjeev Kumar S/O Chetan Lal, Lalita ",Sanjeev Kumar, Begampura,9897226945,Commercial Self ,182,0,182,0,0,0
741,16- Begampura, Begampura,"438/1,438/2","Chetan Lal S/O Prithvi Singh,Sanjeev Kumar S/O Chetan Lal, Lalita ",Sanjeev Kumar, Begampura,9897226945,Godam,44,0,44,0,0,0
742,16- Begampura, Begampura,438/3,Narendar Kumar,Aatmaram, Begampura,8868881919,Residential Self ,0,0,0,0,0,0
743,16- Begampura, Begampura,439,Narendar Kumar,Aatmaram, Begampura,8868881919,Residential Self ,0,0,0,0,0,0
744,16- Begampura, Begampura,439/1,"Ashok Kumar Jain,Mandar Jain,Narendar Kumar Jain",-, Begampura,8868881919,Tower,4680,4680,4680,4680,0,0
745,16- Begampura, Begampura,440,Sachin,Naresh Chand, Begampura,9045911451,Commercial Self ,121,121,121,121,0,0
746,16- Begampura, Begampura,440/1,Akhil,Naresh Chand, Begampura,9045911451,Commercial Self ,121,121,121,121,0,0
747,16- Begampura, Begampura,440/2,Mohd.Usman,Mohd.Sakil, Begampura,9119065052,Commercial Self ,97,0,97,0,0,0
748,16- Begampura, Begampura,"441,441/1",Naresh Chand,Jagdeesh Parsad, Begampura,9760466545,Mixed Self ,169,0,169,0,0,0
749,16- Begampura, Begampura,442,Sanjeev Kumar,Motiram, Begampura,-, Open plot,0,0,0,0,0,0
750,16- Begampura, Begampura,443,Shayama Rani,Motiram, Begampura,9760759555,Commercial Self ,121,0,121,121,420,1240
751,16- Begampura, Begampura,444,Rukmani Goyal,Radhe Shyam, Begampura,9897314648,Commercial Self ,48,159,48,101,0,0
752,16- Begampura, Begampura,445,Rukmani Goyal,Radhe Shyam, Begampura,9897314648,Residential Self ,79,262,79,166,420,1240
753,16- Begampura, Begampura,446,"Arvind,Parveen,Vikas",Budhsain, Begampura,9997753675,Commercial Self ,145,1136,145,1136,0,0
754,16- Begampura, Begampura,447,"Arvind,Parveen,Vikas",Budhsain, Begampura,9997753675,Residential Self ,44,344,44,339,0,0
755,16- Begampura, Begampura,448,Mukesh Kumar,Bhushan Lal, Begampura,9897556458,Commercial Self ,44,0,44,0,0,0
756,16- Begampura, Begampura,449,Mukesh Kumar,Bhushan Lal, Begampura,9897556458,Residential Self ,85,0,85,0,0,0
757,16- Begampura, Begampura,450,Ankit Kumar Singhal,Shyam Lal, Begampura,9997060609,Commercial Self ,121,0,121,0,0,0
758,16- Begampura, Begampura,451,Ankit Kumar Singhal,Shyam Lal, Begampura,9997060609,Residential Self ,55,0,55,0,0,0
759,16- Begampura, Begampura,452,Aadesh Kumar,Puran Chand, Begampura,9760104410,Commercial Self ,121,0,121,0,299,24
760,16- Begampura, Begampura,453,Aadesh Kumar,Puran Chand, Begampura,9760104410,Residential Self ,55,0,55,0,0,0
761,16- Begampura, Begampura,454,"Vijay Laxmi W/O Rakesh Kumar,Suvlesh W/O",Bijendar Kumar, Begampura,9897233153,Commercial Self ,0,0,0,0,0,0
762,16- Begampura, Begampura,455,"Vijay Laxmi W/O Rakesh Kumar,Suvlesh W/O",Bijendar Kumar, Begampura,9897233153,Residential Self ,0,0,0,0,420,0
763,16- Begampura, Begampura,455/1,Nand Kumar,Shobharam, Begampura,8909980890,Commercial Self ,0,0,0,0,0,0
764,16- Begampura, Begampura,456,Nand Kumar,Shobharam, Begampura,8909980890,Residential Self ,128,128,128,128,0,0
765,16- Begampura, Begampura,457,Devendar Kumar,Puran Chand, Begampura,9568945076,Commercial Self ,85,395,85,395,0,0
766,16- Begampura, Begampura,458,Braham Swaroop,Sevaram, Begampura,8755703271, -,436,436,436,436,0,0
767,16- Begampura, Begampura,459,Braham Swaroop,Sevaram, Begampura,8755703271,Residential Self ,0,0,0,0,0,0
768,16- Begampura, Begampura,460,Raman,Ramkumar, Begampura,8909820340,Commercial Self ,79,0,79,0,0,0
769,16- Begampura, Begampura,460/1,Rakesh Kumar,Mitar Sain, Begampura,9690887373,Commercial Self ,91,91,91,91,0,0
770,16- Begampura, Begampura,461,"Karesan Lal,Surajbhan",Janardhan, Begampura,9319920264,Commercial Self ,109,229,109,229,420,3240
771,16- Begampura, Begampura,461/1,"Karesan Lal,Surajbhan",Janardhan, Begampura,9319920264,Residential Self ,0,0,0,0,0,0
772,16- Begampura, Begampura,462,Subhash Chand,Amarnath, Begampura,8439148785,Commercial Self ,73,0,73,0,347,0
773,16- Begampura, Begampura,463,Subhash Chand,Amarnath, Begampura,8439148785,Residential Self ,121,0,121,0,0,0
774,16- Begampura, Begampura,464,Parmila,Tirath Singh, Begampura,-, Open plot,303,11336,303,11336,420,6048
775,16- Begampura, Begampura,465,Rani Goyal,Subodh Goyal, Begampura,9411927807,Commercial Self ,220,0,220,0,0,0
776,16- Begampura, Begampura,466,Pinki Rani,-, Begampura,9012600001,Commercial Self ,220,220,220,220,0,0
777,16- Begampura, Begampura,"467,468, 469","Rukmani Devi ,Bislesh, Monika",-, Begampura,9997969556,Commercial Self ,550,0,550,0,0,0
778,16- Begampura, Begampura,"470,471, 472",Pinki Rani,Sanjay Kamboj, Begampura,9012600001,Residential Self ,330,330,330,330,0,0
779,16- Begampura, Begampura,472/1,Suman Verma,Sachin Verma, Begampura,9690887373,Commercial Self ,616,616,616,616,0,0
780,16- Begampura, Begampura,472/1A,Suman Verma,Sachin Verma, Begampura,9690887373,Commercial Self ,44,44,44,44,0,0
781,16- Begampura, Begampura,472/2,Suman Verma,Sachin Verma, Begampura,9690887373,Residential Self ,66,66,66,66,0,0
782,16- Begampura, Begampura,472/3,Monika Verma,Anuj Verma, Begampura,9557356814,Commercial Self ,198,198,198,198,0,0
783,16- Begampura, Begampura,472/3A,Monika Verma,Anuj Verma, Begampura,9557356814,Residential Self ,44,44,44,44,0,0
784,16- Begampura, Begampura,472/4,Nirmal Jain,Aatmaram, Begampura,9358113412,Commercial Self ,154,323,154,323,0,0
785,16- Begampura, Begampura,472/4A,Nirmal Jain,Aatmaram, Begampura,9358113412,Commercial Self ,0,0,0,0,0,0
786,16- Begampura, Begampura,473,Nirmal Jain,Aatmaram, Begampura,9358113412,Residential Self ,110,231,110,231,0,0
787,16- Begampura, Begampura,474,"Avikas,Avishal,Avilas,Amit,Ankur",Naresh Chand, Begampura,8126308044,Commercial Self ,871,0,871,0,420,0
788,16- Begampura, Begampura,475,"Avikas,Avishal,Avilas,Amit,Ankur",Naresh Chand, Begampura,8126308044,Residential Self ,182,0,182,0,0,0
789,16- Begampura, Begampura,476,Dinesh Kumar,Mamchand, Begampura,7247836122,Commercial Self ,157,0,157,0,0,0
790,16- Begampura, Begampura,477,Rani Goyal,Subodh, Begampura,9411927807,Residential Self ,0,0,0,0,0,0
791,16- Begampura, Begampura,477/1,Rani Goyal,Subodh, Begampura,9411927807,Commercial Self ,77,0,77,0,343,0
792,16- Begampura, Begampura,478,Pankaj Kanhaiyya,Surendar Kumar, Begampura,9152371068,Commercial Self ,85,85,85,85,420,420
793,16- Begampura, Begampura,479,Pankaj Kanhaiyya,Surendar Kumar, Begampura,9152371068,Residential Self ,73,73,73,73,0,0
794,16- Begampura, Begampura,480,Vijay Kumar Goyal,Yaspal, Begampura,9528184201,Commercial Self ,121,254,121,254,420,840
795,16- Begampura, Begampura,480/1,"Madhu Goyal,Abhishek,Mayank,Shubham",-, Begampura,9359321770,Commercial Self ,73,338,73,338,0,0
796,16- Begampura, Begampura,481,Madhuri Verma W/O Sandeep Verma ,Omparkash, Begampura,6397261102,Commercial Self ,176,0,176,0,420,0
797,16- Begampura, Begampura,482,Madhuri Verma W/O Sandeep Verma ,Omparkash, Begampura,6397261102,Residential Self ,0,0,0,0,0,0
798,16- Begampura, Begampura,483,"Amit Kumar,Vikas Kumar",Omparkash, Begampura,9997933074,Commercial Self ,121,121,121,121,0,0
799,16- Begampura, Begampura,484,Jitendar Kumar,Surendar Parkash, Begampura,9808457462,Commercial Self ,169,355,169,355,251,502
800,16- Begampura, Begampura,485,Jitendar Kumar,Surendar Parkash, Begampura,9808457462,Residential Self ,0,0,0,0,0,0
801,16- Begampura, Begampura,486,Rajneesh Kumar,Premchand, Begampura,9149093876,Commercial Self ,97,0,97,0,0,0
802,16- Begampura, Begampura,487,Ajay Kumar,Surendar Kumar, Begampura,9712933364,Commercial Self ,79,166,79,166,0,0
803,16- Begampura, Begampura,488,Geeta,Rajneesh Kumar, Begampura,9149093876,Commercial Self ,242,0,424,0,0,0
804,16- Begampura, Begampura,489,Umlesh Rani,Vinod Kumar, Begampura,9152508364,Commercial Self ,73,0,730,0,0,0
805,16- Begampura, Begampura,490,Krishna Devi,Surendar Kumar, Begampura,9712933564,Commercial Self ,55,116,55,116,0,0
806,16- Begampura, Begampura,491,Krishna Devi,Surendar Kumar, Begampura,9712933564,Residential Self ,73,153,73,153,0,0
807,16- Begampura, Begampura,492,"Krishna Devi W/O Surendar Kumar, Ajay Kumar",Surendar Kumar, Begampura,9712933564,Residential Self ,133,279,133,279,0,0
808,16- Begampura, Begampura,493,"Krishna Devi W/O Surendar Kumar, Ajay Kumar",Surendar Kumar, Begampura,9712933564,Commercial Self ,145,305,145,305,0,0
809,16- Begampura, Begampura,494,"Krishna Devi W/O Surendar Kumar, Ajay Kumar",Surendar Kumar, Begampura,9712933564,Commercial Self ,121,254,121,254,420,888
810,16- Begampura, Begampura,495,"Krishna Devi W/O Surendar Kumar, Ajay Kumar",Surendar Kumar, Begampura,9712933564,Commercial Self ,85,179,85,179,0,0
811,16- Begampura, Begampura,496,"Krishna Devi W/O Surendar Kumar, Ajay Kumar",Surendar Kumar, Begampura,9712933564,Residential Self ,0,0,0,0,420,840
812,16- Begampura, Begampura,496/1,"Krishna Devi W/O Surendar Kumar, Puspa Devi W/O Ajay Kumar",Surendar Kumar, Begampura,9808457462,Commercial Self ,97,204,97,204,0,0
813,16- Begampura, Begampura,496/2,"Krishna Devi W/O Surendar Kumar, Puspa Devi W/O Ajay Kumar",Surendar Kumar, Begampura,9712933564,Commercial Self ,73,153,73,153,0,0
814,16- Begampura, Begampura,496/3,"Krishna Devi W/O Surendar Kumar, Puspa Devi W/O Ajay Kumar",Surendar Kumar, Begampura,9712933564,Commercial Self ,0,0,0,0,0,0
815,16- Begampura, Begampura,496/4,"Krishna Devi W/O Surendar Kumar, Puspa Devi W/O Ajay Kumar",Surendar Kumar, Begampura,9712933564,Commercial Self ,0,0,0,0,0,0
816,16- Begampura, Begampura,496/5,"Krishna Devi W/O Surendar Kumar, Puspa Devi W/O Ajay Kumar",Surendar Kumar, Begampura,9712933564,Commercial Self ,0,0,0,0,0,0
817,16- Begampura, Begampura,496/6,"Krishna Devi W/O Surendar Kumar, Puspa Devi W/O Ajay Kumar",Surendar Kumar, Begampura,9712933564,Commercial Self ,0,0,0,0,0,0
818,16- Begampura, Begampura,496/7,"Krishna Devi W/O Surendar Kumar, Puspa Devi W/O Ajay Kumar",Surendar Kumar, Begampura,9712933564,Commercial Self ,0,0,0,0,0,0
819,16- Begampura, Begampura,496/8,"Krishna Devi W/O Surendar Kumar, Puspa Devi W/O Ajay Kumar",Surendar Kumar, Begampura,9712933564,Commercial Self ,0,0,0,0,0,0
820,16- Begampura, Begampura,496/9,"Krishna Devi W/O Surendar Kumar, Puspa Devi W/O Ajay Kumar",Surendar Kumar, Begampura,9712933564,Commercial Self ,230,483,230,483,0,0
821,16- Begampura, Begampura,496/10,"Krishna Devi W/O Surendar Kumar, Puspa Devi W/O Ajay Kumar",Surendar Kumar, Begampura,9712933564,Commercial Self ,79,166,79,166,0,0
822,16- Begampura, Begampura,497,Roopchand,Teluram, Begampura,9760038045,Residential Self ,44,204,44,204,420,1640
823,16- Begampura, Begampura,498,Vinod Kumar,Budh Parkash, Begampura,9760038045,Residential Self ,73,0,73,0,0,0
824,16- Begampura, Begampura,"499,500, 501",Med Chetriya Swarnkar Samaj Dharamshala,-, Begampura,-,Residential Self ,44,339,44,339,0,0
825,16- Begampura, Begampura,502,Mahendar Kumar,Keshoram, Begampura,9412115161, -,121,933,121,933,0,0
826,16- Begampura, Begampura,502/1,"Kiranlata W/O Surendar Kumar, Soniya W/O",Manish Gupta, Begampura,7060018540,Commercial Self ,55,0,55,0,365,0
827,16- Begampura, Begampura,502/1A,"Kiranlata W/O Surendar Kumar, Soniya W/O",Manish Gupta, Begampura,7060018540,Commercial Self ,0,0,0,0,0,0
828,16- Begampura, Begampura,502/1B,"Kiranlata W/O Surendar Kumar, Soniya W/O",Manish Gupta, Begampura,7060018540,Commercial Self ,0,0,0,0,0,0
829,16- Begampura, Begampura,502/2,"Kiranlata W/O Surendar Kumar, Soniya W/O",Manish Gupta, Begampura,7060018540,Commercial Self ,0,0,0,0,0,0
830,16- Begampura, Begampura,502/2C,"Kiranlata W/O Surendar Kumar, Soniya W/O",Manish Gupta, Begampura,7060018540,Commercial Self ,0,0,0,0,0,0
831,16- Begampura, Begampura,502/2D,"Kiranlata W/O Surendar Kumar, Soniya W/O",Manish Gupta, Begampura,7060018540,Commercial Self ,0,0,0,0,0,0
832,16- Begampura, Begampura,503,Ramadevi,Ramgopal, Begampura,8909820410,Residential Self ,55,0,55,0,365,0
833,16- Begampura, Begampura,504,Ramadevi,Ramgopal, Begampura,8909820410,Residential Self ,55,0,55,0,0,0
834,16- Begampura, Begampura,505,Savita Rani,Padam Sain, Begampura,9897171798,Residential Self ,85,0,85,0,420,0
835,16- Begampura, Begampura,506,Madhu Goel,W/O Rakesh Goel, Begampura,9359321717,Mixed Self ,300,993,300,993,310,0
836,16- Begampura, Begampura,507,Surendar Kashmiri Lal ,Ramrang Jagdeesh Sunil, Begampura,9927822083,Residential Self ,110,0,110,0,299,1435
837,16- Begampura, Begampura,508,Sudesh Rani,Roshan Lal, Begampura,9760384823,Residential Self ,133,0,133,0,287,0
838,16- Begampura, Begampura,509,Shiv Kumar,Motiram, Begampura,9557033303,Residential Self ,121,254,121,254,299,646
839,16- Begampura, Begampura,"510, 510/1 TO 510/6","Ajay Kumar  S/O Surendar Kumar,Puspa Devi",Ajay Kumar, Begampura,9634740274,Residential Self ,367,0,367,0,341,341
840,16- Begampura, Begampura,510/7 TO 513 ,"Ajay Kumar  S/O Surendar Kumar,Puspa Devi",Ajay Kumar, Begampura,9760794682,Residential Self ,381,0,381,0,0,0
841,16- Begampura, Begampura,511,Veshya Dharamshala,-, Begampura,8439583415,Commercial Self ,242,801,242,801,420,6540
842,16- Begampura, Begampura,512,Veshya Dharamshala,-, Begampura,8439583415,Dharamshala,97,0,97,0,420,0
843,16- Begampura, Begampura,512/1,Veshya Dharamshala,-, Begampura,8439583415,Commercial Self ,0,0,0,0,0,0
844,16- Begampura, Begampura,513,Ashok Kumar,Inder Sain, Begampura,9927822830,Commercial Self ,45,0,45,0,375,0
845,16- Begampura, Begampura,514,Ashok Kumar,Inder Sain, Begampura,9927822830,Commercial Self ,61,0,61,0,0,0
846,16- Begampura, Begampura,515,Shri Chand,Kisan Lal, Begampura,8923657153,Commercial Self ,79,0,79,0,0,0
847,16- Begampura, Begampura,516,Kuldeep Jain,Chandulal Jain, Begampura,8171800994,Commercial Self ,121,0,121,0,0,0
848,16- Begampura, Begampura,517,Ashok Kumar,Inder Sain, Begampura,9927822083,Commercial Self ,48,0,48,0,0,0
849,16- Begampura, Begampura,518,Ashok Kumar,Inder Sain, Begampura,9927822083,Commercial Self ,48,0,48,0,0,0
850,16- Begampura, Begampura,519,Shri Chand,Kisan Lal, Begampura,8923657153,Commercial Self ,44,0,44,0,0,0
851,16- Begampura, Begampura,520,Kuldeep Jain,Chandulal Jain, Begampura,8171800994,Commercial Self ,121,0,121,0,0,0
852,16- Begampura, Begampura,521,Kuldeep Jain,Chandulal Jain, Begampura,8171800994,Commercial Self ,121,0,121,0,0,0
853,16- Begampura, Begampura,522,Kuldeep Jain,Chandulal Jain, Begampura,8171800994,Commercial Self ,121,0,121,0,0,0
854,16- Begampura, Begampura,523,Kuldeep Jain,Chandulal Jain, Begampura,8171800994,Commercial Self ,0,0,0,0,0,0
855,16- Begampura, Begampura,524,Kuldeep Jain,Chandulal Jain, Begampura,8171800994,Commercial Self ,121,0,121,0,0,0
856,16- Begampura, Begampura,525,Kuldeep Jain,Chandulal Jain, Begampura,8171800994,Commercial Self ,121,0,121,0,0,0
857,16- Begampura, Begampura,526,Kuldeep Jain,Chandulal Jain, Begampura,8171800994,Commercial Self ,121,121,121,121,0,0
858,16- Begampura, Begampura,527,Kuldeep Jain,Chandulal Jain, Begampura,8171800994,Commercial Self ,121,738,0,738,0,0
859,16- Begampura, Begampura,528,"Vijay Kumar,Abhay Kumar",Ajay Kumar, Begampura,9712933364,Commercial Self ,121,254,121,254,0,0
860,16- Begampura, Begampura,529,"Vijay Kumar,Abhay Kumar",Ajay Kumar, Begampura,9712933364,Residential Self ,0,0,0,0,420,840
861,16- Begampura, Begampura,530,Manmohan Swaroop,Madhoram, Begampura,-,Residential Self ,121,0,121,0,0,0
862,16- Begampura, Begampura,531,Susma Rani W/O Ashok Kumar,Inder Sain, Begampura,9927822083,Commercial Self ,61,0,61,0,420,0
863,16- Begampura, Begampura,532,Avadh Bihari,Umrav Singh, Begampura,9412583430,Commercial Self ,97,0,97,0,0,0
864,16- Begampura, Begampura,"532/1,533",Santu Kumar Garg,Shivcharan Das, Begampura,9412638505,Commercial Self ,145,0,145,0,343,0
865,16- Begampura, Begampura,534,Santu Kumar Garg,Shivcharan Das, Begampura,9412638505,Residential Self ,77,0,77,0,0,0
866,16- Begampura, Begampura,535,Surendar Parkash,Raghuveer Singh, Begampura,7060018540,Commercial Self ,48,0,48,0,0,0
867,16- Begampura, Begampura,535/1,Ramesh Chand,Aatmaram, Begampura,9760012565,Commercial Self ,160,160,160,160,0,0
868,16- Begampura, Begampura,536,Ramesh Chand,Aatmaram, Begampura,9760012565,Residential Self ,0,0,0,0,0,0
869,16- Begampura, Begampura,537,"Aabha Rani W/O Susheel Kumar,Sudha Rani W/O ",Rajendar Kumar, Begampura,9058556461,Residential Self ,66,66,66,66,0,0
870,16- Begampura, Begampura,538,Santosh,Shivcharan Das, Begampura,7454069064,Commercial Self ,61,0,61,0,420,0
871,16- Begampura, Begampura,538/1,Santosh,Shivcharan Das, Begampura,7454069064,Residential Self ,61,61,0,0,0,0
872,16- Begampura, Begampura,540,"Subhash Chand S/O Aatmaram,Omvati",Subhash Chand, Begampura,8630152020,Commercial Self ,61,0,61,61,420,420
873,16- Begampura, Begampura,540/1,"Subhash Chand S/O Aatmaram,Omvati",Subhash Chand, Begampura,8630152020,Commercial Self ,61,61,61,61,0,0
874,16- Begampura, Begampura,541,Yash Kumar,Harbansh Lal, Begampura,7017071156,Commercial Self ,85,0,85,0,0,0
875,16- Begampura, Begampura,542,Yash Kumar,Harbansh Lal, Begampura,7017071156,Residential Self ,0,0,0,0,0,0
876,16- Begampura, Begampura,543,Milkiyat Pipleshvar Mahadev Mandir,-, Begampura,9720965269,Temple ,0,0,0,0,0,0
877,16- Begampura, Begampura,544,"Jayparkash,Surendar Kumar",Raghuveer Singh, Begampura,9720965269,Commercial Self ,67,0,67,0,0,0
878,16- Begampura, Begampura,545,Vipin Kumar Kansal,Ved Prakash, Begampura,9720965269,Commercial Self ,61,0,61,0,359,359
879,16- Begampura, Begampura,546,Naveen Kumaragarwal,Ved Prakash, Begampura,9720965269,Commercial Self ,61,0,61,0,0,0
880,16- Begampura, Begampura,547,Punam Rani W/O Vikas Kumar ,Vikas Kumar S/O Shri Chand, Begampura,8923077471, -,36,120,0,0,384,768
881,16- Begampura, Begampura,548,Virendr Kumar Saini,Jagpal Singh, Begampura,8923077472, -,0,0,0,0,0,0
882,16- Begampura, Begampura,549,Tilakram,Seetaram, Begampura,9045893629,Residential Self ,83,83,83,83,0,0
883,16- Begampura, Begampura,550,Tilakram,Seetaram, Begampura,9045893629,Residential Self ,0,0,0,0,337,337
884,16- Begampura, Begampura,551,"Pardhuman Kumar,Kuldeep,Atul Kumar",Avadh Bihari, Begampura,8273039194,Residential Self ,220,0,220,0,200,48
885,16- Begampura, Begampura,551/1,"Kuldeep,Atul Kumar",Avadh Bihari, Begampura,8273039194,Residential Self ,48,0,48,0,0,0
886,16- Begampura, Begampura,552,"Shiv Kumar,Sanjay",Mahendar Kumar, Begampura,9412889831,Residential Self ,48,0,48,0,372,0
887,16- Begampura, Begampura,"5,53,554","Ved Parkash,Krishan Kumar,Devendar Kumar",Banvari Lal, Begampura,8791521252,Residential Self ,61,61,61,61,0,0
888,16- Begampura, Begampura,"5,55,556",Krishan Kumar,Banvari Lal, Begampura,-,Residential Self ,61,0,61,0,420,1640
889,16- Begampura, Begampura,557,Devendar Kumar,Banvari Lal, Begampura,9917103350,Residential Self ,61,61,61,61,359,359
890,16- Begampura, Begampura,558,Devendar Kumar,Banvari Lal, Begampura,9917103350,Residential Self ,44,44,44,44,0,0
891,16- Begampura, Begampura,559,"Ramkumar,Rajkumar",Revanand, Begampura,9410062201,Residential Self ,79,483,79,930,420,1240
892,16- Begampura, Begampura,560,Satyavati,Jyoti Parsad, Begampura,9045208808,Residential Self ,19,221,0,0,420,1640
893,16- Begampura, Begampura,560/1,Satyavati,Jyoti Parsad, Begampura,9045208808,Residential Self ,25,83,0,0,420,1240
894,16- Begampura, Begampura,561,"Vijay Kumar S/O Omparkash,Rehti",Omparkash, Begampura,9719270047,Residential Self ,48,0,48,0,420,0
895,16- Begampura, Begampura,562,Parkash Chand,Dayaram, Begampura,9439153573,Residential Self ,44,0,44,0,376,0
896,16- Begampura, Begampura,563,Kailash Chand,Dayaram, Begampura,9319663016,Residential Self ,55,55,55,55,365,365
897,16- Begampura, Begampura,564,Mohan Lal,Bhgirath, Begampura,9634888478,Residential Self ,48,0,48,0,0,0
898,16- Begampura, Begampura,565,Motiram,Bhgirath, Begampura,9997969648,Residential Self ,48,293,48,293,372,1800
899,16- Begampura, Begampura,566,Krishan Lal,Omparkash, Begampura,8791446685,Residential Self ,66,0,66,0,420,0
900,16- Begampura, Begampura,567,Susheel Kumar,Sevaram, Begampura,9897189567,Residential Self ,48,0,48,0,372,0
901,16- Begampura, Begampura,568,Usha Agarwal,Naveen Kumar Agarwal, Begampura,9720965269,Residential Self ,145,0,145,0,420,0
902,16- Begampura, Begampura,569,Ramswaroop,Raghuveer Singh, Begampura,9045839842,Residential Self ,109,0,109,361,311,0
903,16- Begampura, Begampura,570,Kuldeep Verma,Amar Singh Verma, Begampura,9837834462,Residential Self ,121,0,121,0,420,0
904,16- Begampura, Begampura,570/1,Anuradha,Rajeev Kumar, Begampura,8909980890,Residential Self ,121,0,121,0,0,0
905,16- Begampura, Begampura,571,Vivek S/O Parveen Singhal,Dataram, Begampura,9410062371,Residential Self ,61,202,61,202,0,0
906,16- Begampura, Begampura,572,Savita Rani,Susheel Kumar, Begampura,9410062371,Residential Self ,44,0,44,0,0,1400
907,16- Begampura, Begampura,573,"Suman Rani W/O Anil Kumar, Vikas Singh",Anil Kumar, Begampura,9410062371,Residential Self ,55,337,55,337,0,0
908,16- Begampura, Begampura,573/1,"Sandeep Verma S/O Rakesh Kumar,Taruna Verma",Sandeep Verma, Begampura,9897383100,Residential Self ,66,66,66,66,0,0
909,16- Begampura, Begampura,574,Braham Swaroop,Sevaram, Begampura,9897169562,Residential Self ,88,0,88,0,0,0
910,16- Begampura, Begampura,"5,75,576",Sunita Devi,Naresh Chand, Begampura,9897314580,Residential Self ,132,437,133,448,0,0
911,16- Begampura, Begampura,"5,77,578",Padam Shri,Vimal Parsad, Begampura,9045576280,Residential Self ,152,928,152,928,268,1280
912,16- Begampura, Begampura,579,Braham Swaroop,Sevaram, Begampura,8755703271,Residential Self ,110,231,110,0,420,420
913,16- Begampura, Begampura,580,"Sanjay Kumar S/O Dhan Parkash,Kusumlata",Dhanparkash, Begampura,-,Residential Self ,48,101,48,101,0,0
914,16- Begampura, Begampura,581,"Rajiv Kumar,Atul Kumar",Meharchand, Begampura,8755628800,Residential Self ,110,0,110,0,420,0
915,16- Begampura, Begampura,"582,583, 584",Sanjay Kumar,Salekchand, Begampura,8923077471,Residential Self ,154,0,154,0,420,0
916,16- Begampura, Begampura,585,Mithlesh,Vinod Kumar, Begampura,8171092471,Residential Self ,145,0,145,0,275,24
917,16- Begampura, Begampura,586,Sanjay Kumar,Salekchand, Begampura,8923077471,Residential Self ,44,0,44,0,0,0
918,16- Begampura, Begampura,587,"Riya Jain W/O Ankush Kumar Jain,Ankush Kumar Jain",Anand Kumar Jain, Begampura,6398291990,Commercial Self ,303,0,303,0,0,0
919,16- Begampura, Begampura,588,"Riya Jain W/O Ankush Kumar Jain,Ankush Kumar Jain",Anand Kumar Jain, Begampura,6398291990,Commercial Self ,581,0,581,0,0,0
920,16- Begampura, Begampura,589,Inder Sain,Amsain, Begampura,8126892914,Commercial Self ,61,127,61,1457,0,0
921,16- Begampura, Begampura,590,Inder Sain,Amsain, Begampura,8126892914,Residential Self ,133,133,133,2240,287,2698
922,16- Begampura, Begampura,591,Ramrang,Bhagvan Das, Begampura,8273542676,Commercial Self ,121,0,121,0,299,0
923,16- Begampura, Begampura,"592,592/1",Ramrang,Bhagvan Das, Begampura,8273542676,Residential Self ,169,0,169,0,0,0
924,16- Begampura, Begampura,593,Anshul Goyal,Ramavtar, Begampura,9897773086,Commercial Self ,121,561,121,5611,420,1640
925,16- Begampura, Begampura,594,Anshul Goyal,Ramavtar, Begampura,9897773086,Commercial Self ,55,256,55,256,0,0
926,16- Begampura, Begampura,595,Braham Swaroop,Sevaram, Begampura,9897169562,Commercial Self ,145,0,145,0,0,0
927,16- Begampura, Begampura,596,Avadh Bihari Lal,Rajaram, Begampura,9458873077,Mixed Self ,85,0,85,0,0,0
928,16- Begampura, Begampura,597,Ramsharan,Krishan Lal, Begampura,8439452089,Commercial Self ,103,0,103,0,0,0
929,16- Begampura, Begampura,598,"Amit Singhal,Sachin Singhal S/O Ramsharan,Ramsharan S/O Krishanlal,Neelam Rani",Ramsharan, Begampura,-,Commercial Self ,85,0,85,0,0,0
930,16- Begampura, Begampura,599,Chunnilal,Nandlal, Begampura,9897017460,Commercial Self ,85,1004,85,1004,0,0
931,16- Begampura, Begampura,600,Ramavtar,Bhushan Lal, Begampura,9917034044,Commercial Self ,73,153,73,241,0,0
932,16- Begampura, Begampura,601,"Rajeev Kumar,Atul Kumar",Mahesh Chand, Begampura,8755628800,Commercial Self ,133,0,133,0,420,200
933,16- Begampura, Begampura,602,"Rajeev Kumar,Atul Kumar",Mahesh Chand, Begampura,8755628800,Residential Self ,88,0,88,0,0,0
934,16- Begampura, Begampura,603,Tilakram,Ramjidas, Begampura,9690887782,Commercial Self ,121,0,121,0,299,100
935,16- Begampura, Begampura,604,Tilakram,Ramjidas, Begampura,9690887782,Commercial Self ,121,0,121,0,0,0
936,16- Begampura, Begampura,604/1,Tilakram,Ramjidas, Begampura,9690887782,Commercial Self ,145,0,145,0,0,0
937,16- Begampura, Begampura,605,Mohd Aafak Rijvan,Ashfak, Begampura,9219666336,Commercial Self ,218,722,218,735,202,586
938,16- Begampura, Begampura,606,Mohd Aafak Rijvan,Ashfak, Begampura,9219666336,Commercial Self ,55,183,55,183,0,0
939,16- Begampura, Begampura,607,Angoori Jain,Jay Kumar Jain, Begampura,8218896938,Commercial Self ,61,283,61,283,0,0
940,16- Begampura, Begampura,609,Angoori Jain,Jay Kumar Jain, Begampura,8218896938,Commercial Self ,31,367,0,0,0,0
941,16- Begampura, Begampura,608,Naseema,Saeed, Begampura,9927272895,Commercial Self ,275,0,275,0,0,0
942,16- Begampura, Begampura,610,"Rajendar,Ram Avtar",Banarsi Das, Begampura,9027028873,Mixed Self ,44,92,44,92,0,0
943,16- Begampura, Begampura,611,"Rajendar,Ram Avtar",Banarsi Das, Begampura,9027028873,Mixed Self ,109,229,109,229,311,670
944,16- Begampura, Begampura,612,"Ankush Kumar,Piyush Kumar S/O Pawan Kumar,Punam Rani",Pawan Kumar, Begampura,9760000573,Mixed Self ,121,400,121,400,299,877
945,16- Begampura, Begampura,613,"Ankush Kumar,Piyush Kumar S/O Pawan Kumar,Punam Rani",Pawan Kumar, Begampura,8909978366,Commercial Self ,121,400,613,400,299,877
946,16- Begampura, Begampura,614,Ishwar Dayal,Aatmaram, Begampura,9837801471,Commercial Self ,194,194,194,194,0,0
947,16- Begampura, Begampura,615,Ishwar Dayal,Aatmaram, Begampura,9837801471,Commercial Self ,55,55,55,55,0,0
948,16- Begampura, Begampura,616,Premchand,Ramswaroop, Begampura,9917891588,Commercial Self ,121,121,121,121,299,299
949,16- Begampura, Begampura,617,Rekha Rani,Parmod Kumar, Begampura,9760794682,Commercial Self ,85,85,85,85,0,0
950,16- Begampura, Begampura,618,Premchand,Ramswaroop, Begampura,9917891588,Commercial Self ,103,103,103,103,0,0
951,16- Begampura, Begampura,"619,619/1","Pardhuman,Atul Kumar S/O Avadh Bihari, Kuldeep ",Avadh Bihari, Begampura,9760594362,Commercial Self ,303,0,303,0,117,46
952,16- Begampura, Begampura,620,"Pardhuman,Atul Kumar S/O Avadh Bihari, Kuldeep ",Avadh Bihari, Begampura,9760594362,Residential Self ,66,0,66,0,0,0
953,16- Begampura, Begampura,620/1,Arya Samaj Mandir,-, Begampura,8449666998,Commercial Self ,0,0,0,0,0,0
954,16- Begampura, Begampura,621,Arya Samaj Mandir Sampatti,-, Begampura,9927904482,Commercial Self ,436,436,436,436,0,0
955,16- Begampura, Begampura,622,"Ajay,Jaykumar",Bashesar Dayal, Begampura,9639918613,Commercial Self ,133,0,133,0,287,0
956,16- Begampura, Begampura,622/1,"Ajay,Jaykumar",Bashesar Dayal, Begampura,9639918613,Residential Self ,46,0,46,0,0,0
957,16- Begampura, Begampura,623,"Ajay Kumar,Jay Kumar S/O Bashesar Dayal,Subhlesh Rani W/O Vivek Kumar,Vijay Laxmi",Rakesh Kumar, Begampura,9927576557,Residential Self ,51,0,51,0,0,0
958,16- Begampura, Begampura,624,"Ajay Kumar,Jay Kumar S/O Bashesar Dayal,Subhlesh Rani W/O Vivek Kumar,Vijay Laxmi",Rakesh Kumar, Begampura,9927576557,Commercial Self ,121,0,121,0,0,0
959,16- Begampura, Begampura,"6,25,626","Yashpal S/O Jagannath,Vipin Kumar",Yashpal, Begampura,9897505320,Commercial Self ,242,801,242,801,178,586
960,16- Begampura, Begampura,626/1,"Mukesh Kumar,Rajeev Kumar",Jagroshan Lal, Begampura,9027091454,Commercial Self ,224,0,224,0,0,0
961,16- Begampura, Begampura,627,"Mukesh Kumar,Rajeev Kumar",Jagroshan Lal, Begampura,9027091454,Commercial Self ,224,0,224,0,0,0
962,16- Begampura, Begampura,627/1,Deepak Kumar,Naresh Chand, Begampura,9045911451,Commercial Self ,121,121,121,121,0,0
963,16- Begampura, Begampura,628,Ved Parkash,Baghirath Lal, Begampura,9368533568,Commercial Self ,109,0,109,0,0,0
964,16- Begampura, Begampura,628/1,Rajeev Kumar,Isam Singh, Begampura,8445604976,Commercial Self ,109,0,109,0,311,0
965,16- Begampura, Begampura,629,Rajeev Kumar,Isam Singh, Begampura,8445604976,Residential Self ,66,0,66,0,0,0
966,16- Begampura, Begampura,630,Sarojbala,Mukut Bihari, Begampura,8433241670,Commercial Self ,218,0,218,0,0,0
967,16- Begampura, Begampura,631,Rakesh Kumar,Premchand, Begampura,9568035387,Residential Self ,88,308,88,308,0,0
968,16- Begampura, Begampura,632,Rakesh Kumar,Premchand, Begampura,9568035387,Commercial Self ,220,0,220,0,200,200
969,16- Begampura, Begampura,633,Mohan Lal,Baghirath Lal, Begampura,9997969648,Commercial Self ,87,531,87,531,333,1725
970,16- Begampura, Begampura,634,Rahul,Rajesh Kumar, Begampura,9997969648,Commercial Self ,400,2442,400,2442,0,0
971,16- Begampura, Begampura,635,Kusum Raghav,Ram Kumar Raghav, Begampura,9756071261,Residential Self ,85,0,85,0,335,0
972,16- Begampura, Begampura,636,Kusum Raghav,Ram Kumar Raghav, Begampura,9756071261,Commercial Self ,230,0,230,0,0,0
973,16- Begampura, Begampura,637,Avadh Bihari Lal,Murari Lal, Begampura,-,Residential Self ,67,67,67,67,0,0
974,16- Begampura, Begampura,638,Avadh Bihari Lal,Murari Lal, Begampura,-,Commercial Self ,182,182,182,182,238,262
975,16- Begampura, Begampura,639,Amit Kumar Jain,Jay Kumar, Begampura,7017432206,Commercial Self ,61,61,61,0,359,359
976,16- Begampura, Begampura,640,Amit Kumar Jain,Jay Kumar, Begampura,7017432206,Residential Self ,55,55,55,0,0,0
977,16- Begampura, Begampura,641,"Monika W/O Kamal Raj,Rinki Mittal",Ashish Mittal, Begampura,9997969556,Commercial Self ,605,0,605,0,0,0
978,16- Begampura, Begampura,641/1,Kafiya Begum,Haji Irfan, Begampura,9548828272,Residential Self ,1161,1161,152,1161,0,0
979,16- Begampura, Begampura,642,Kafiya Begum,Haji Irfan, Begampura,9548828272,Residential Self ,0,0,61,0,359,359
980,16- Begampura, Begampura,643,Arya Samaj Mandir Main Gate,-, Begampura,9319230911,Temple ,0,0,0,0,420,1736
981,16- Begampura, Begampura,644,Dr Shivdatt Sharma ,Balmukund Sharma, Begampura,9897293970,Residential Self ,44,0,44,0,376,0
982,16- Begampura, Begampura,645,Dr Shivdatt Sharma ,Balmukund Sharma, Begampura,9897293970,Commercial Self ,266,0,266,0,154,0
983,16- Begampura, Begampura,646,Dr Shivdatt Sharma ,Balmukund Sharma, Begampura,9897293970,Commercial Self ,224,0,224,0,0,0
984,16- Begampura, Begampura,647,"Rajendar Kumar,Mukesh Kumar",Mahesh Chand, Begampura,9897065227,Commercial Self ,218,218,218,218,202,202
985,16- Begampura, Begampura,647/1,"Rajendar Kumar,Mukesh Kumar",Mahesh Chand, Begampura,9897065227,Residential Self ,50,105,50,50,0,0
986,16- Begampura, Begampura,648,"Shivcharan Das S/O Sadhuram,Kamla Devi",Shivcharan Das, Begampura,8791446691,Commercial Self ,330,0,330,0,0,0
987,16- Begampura, Begampura,649,"Shivcharan Das S/O Sadhuram,Kamla Devi",Shivcharan Das, Begampura,8791446691,Commercial Self ,0,0,0,0,90,0
988,16- Begampura, Begampura,650,"Shivcharan Das S/O Sadhuram,Kamla Devi",Shivcharan Das, Begampura,8791446691,Residential Self ,66,0,66,0,0,0
989,16- Begampura, Begampura,651,Krishan Lal,Omparkash, Begampura,8791446685,Commercial Self ,97,0,97,0,0,0
990,16- Begampura, Begampura,652,Dilshad Shahjad,Yaseen, Begampura,-,Commercial Self ,97,592,97,592,0,0
991,16- Begampura, Begampura,652/1,Yaseen,Rahmatulla, Begampura,-,Commercial Self ,97,0,97,0,0,0
992,16- Begampura, Begampura,653,"Abdul Sattar,Anwar",Abdul Kareem, Begampura,9286686686,Residential Self ,121,738,121,738,299,1555
993,16- Begampura, Begampura,654,"Abdul Sattar,Anwar",Abdul Kareem, Begampura,9286686686,Commercial Self ,218,1331,218,1331,0,0
994,16- Begampura, Begampura,655,"Amar Singh,Hukam Chand Etc.",Gonimal, Begampura,9552614200,Residential Self ,55,55,55,55,0,0
995,16- Begampura, Begampura,656,Sanjay Kumar,Shivcharan Das, Begampura,8791446691,Residential Self ,55,0,55,0,0,0
996,16- Begampura, Begampura,657,Bulla,Bati, Begampura,7895614342,Residential Self ,55,55,55,55,0,0
997,16- Begampura, Begampura,658,Keshoram,Gonimal, Begampura,-,Residential Self ,44,48,44,44,420,420
998,16- Begampura, Begampura,659,Anwar,Akhtar, Begampura,8958062691,Residential Self ,48,0,48,0,372,0
999,16- Begampura, Begampura,660,Ramesh Chand,Kapoor Chand, Begampura,9152614200,Residential Self ,44,0,44,0,420,0
1000,16- Begampura, Begampura,661,Moh. Ahsaan Urf Balla,Midda, Begampura,9837408183,Residential Self ,200,662,200,662,420,1240
1001,16- Begampura, Begampura,662,"Saeed,Shafeek",Lateef, Begampura,7217230049,Residential Self ,67,0,67,0,420,67
1002,16- Begampura, Begampura,663,Irshad,Majeed, Begampura,9548997381,Residential Self ,73,459,73,445,420,0
1003,16- Begampura, Begampura,663/1,Sattar,Majeed, Begampura,8218308761,Residential Self ,110,364,110,364,310,910
1004,16- Begampura, Begampura,664,Rasheed,Faimudeen, Begampura,7736605416,Residential Self ,48,1036,48,1623,0,0
1005,16- Begampura, Begampura,665,Kadiran,Habeeb, Begampura,7736605416,Residential Self ,45,276,45,276,420,1040
1006,16- Begampura, Begampura,666,Midda,Faimudeen, Begampura,9110670456,Residential Self ,55,524,55,524,365,2255
1007,16- Begampura, Begampura,667,Shareef,Ibrahim, Begampura,9557037682,Residential Self ,61,61,61,61,359,0
1008,16- Begampura, Begampura,668,Roshan,Rahmatulla, Begampura,7351569061,Residential Self ,48,1040,48,1040,372,1580
1009,16- Begampura, Begampura,669,Vaheed,Rahmatulla, Begampura,9691814788,Residential Self ,264,873,264,873,420,1240
1010,16- Begampura, Begampura,670,Ashraf,Yaseen, Begampura,6395453695,Residential Self ,45,45,45,45,375,375
1011,16- Begampura, Begampura,671,Noor Jahan,Vakeel, Begampura,7037177003,Residential Self ,48,48,48,48,372,372
1012,16- Begampura, Begampura,672,Asgar,Naseer, Begampura,-,Residential Self ,87,87,87,87,333,333
1013,16- Begampura, Begampura,673,Kasim,Azimudeen, Begampura,7906261720,Residential Self ,110,0,110,0,420,0
1014,16- Begampura, Begampura,674,Azimudeen,Naseer, Begampura,7906261720,Residential Self ,55,0,55,0,0,0
1015,16- Begampura, Begampura,675,Irshad,Majeed, Begampura,7668585434,Residential Self ,97,592,97,592,420,2040
1016,16- Begampura, Begampura,676,Rafeek,Lateef, Begampura,9068834282,Residential Self ,87,404,87,404,333,0
1017,16- Begampura, Begampura,677,Haneef,Lateef, Begampura,8218355005,Residential Self ,87,183,87,699,333,666
1018,16- Begampura, Begampura,678,Umardeen,Bhoora, Begampura,6396974055,Residential Self ,66,1205,66,1205,354,1832
1019,16- Begampura, Begampura,679,Rasheed ,Bhoora, Begampura,7895614342,Residential Self ,48,0,48,0,372,0
1020,16- Begampura, Begampura,680,Yunus,Bhura, Begampura,8791734473,Residential Self ,53,0,55,0,365,0
1021,16- Begampura, Begampura,681,Gafoor,Paltu, Begampura,8449213728,Residential Self ,121,0,121,0,299,0
1022,16- Begampura, Begampura,682,Nanha,Rahmatulla, Begampura,9837171530,Residential Self ,66,0,66,0,420,0
1023,16- Begampura, Begampura,683,Shop Nagar Palika Parishad ,-, Begampura,-,Commercial Self ,0,0,0,0,0,0
1024,16- Begampura, Begampura,684,Shop Nagar Palika Parishad ,-, Begampura,-,Commercial Self ,0,0,0,0,0,0
1025,16- Begampura, Begampura,685,Shop Nagar Palika Parishad ,-, Begampura,-,Commercial Self ,0,0,0,0,0,0
1026,16- Begampura, Begampura,686,Shop Nagar Palika Parishad ,-, Begampura,-,Commercial Self ,0,0,0,0,0,0
1027,16- Begampura, Begampura,687,Primary Pathshala Kadeem Begampura Shop Nagar Palika,-, Begampura,9368537006,Primary School,0,0,0,0,0,0
1028,16- Begampura, Begampura,688,Primary Pathshala Kadeem Begampura Shop Nagar Palika,-, Begampura,-,Commercial Self ,0,0,0,0,0,0
1029,16- Begampura, Begampura,689,Primary Pathshala Kadeem Begampura Shop Nagar Palika,-, Begampura,-,Commercial Self ,0,0,0,0,0,0
1030,16- Begampura, Begampura,690,Primary Pathshala Kadeem Begampura Shop Nagar Palika,-, Begampura,-,Commercial Self ,0,0,0,0,0,0
1031,16- Begampura, Begampura,691,Primary Pathshala Kadeem Begampura Shop Nagar Palika,-, Begampura,-,Commercial Self ,0,0,0,0,0,0
1032,16- Begampura, Begampura,692,Primary Pathshala Kadeem Begampura Shop Nagar Palika,-, Begampura,-,Commercial Self ,0,0,0,0,0,0
1033,16- Begampura, Begampura,693,Primary Pathshala Kadeem Begampura Shop Nagar Palika,-, Begampura,-,Commercial Self ,0,0,0,0,0,0
1034,16- Begampura, Begampura,694,Primary Pathshala Kadeem Begampura Shop Nagar Palika,-, Begampura,-,Commercial Self ,0,0,0,0,0,0
1035,16- Begampura, Begampura,695,Primary Pathshala Kadeem Begampura Shop Nagar Palika,-, Begampura,-,Commercial Self ,0,0,0,0,0,0
1036,16- Begampura, Begampura,696,"Saeed,Akhtar,Ikbal",Mushtak, Begampura,9818872678,Commercial Self ,109,361,109,361,0,0
1037,16- Begampura, Begampura,697,"Saeed,Akhtar,Ikbal",Mushtak, Begampura,9818872678,Residential Self ,73,241,73,241,347,1021
1038,16- Begampura, Begampura,698,"Majidan W/O Mushtak,Ikbal",Mushtak, Begampura,9818872678,Commercial Self ,73,0,73,0,347,0
1039,16- Begampura, Begampura,698/1,"Majidan W/O Mushtak,Ikbal",Mushtak, Begampura,9818872678,Residential Self ,55,0,55,0,0,0
1040,16- Begampura, Begampura,699,Istiyak,Mushtak, Begampura,9897457425,Residential Self ,73,338,73,338,0,0
1041,16- Begampura, Begampura,700,Ikbal,Mushtak, Begampura,9557301067,Residential Self ,55,256,55,256,0,0
1042,16- Begampura, Begampura,701,Mahboob ,Fajal Ilahi, Begampura,7017733299,Residential Self ,73,1160,73,1160,347,694
1043,16- Begampura, Begampura,701/1,Ikram,Fajal Ilahi, Begampura,9012089410,Residential Self ,73,0,73,0,347,0
1044,16- Begampura, Begampura,701/2,Karam Ilahi,Fajal Ilahi, Begampura,9528366399,Residential Self ,121,0,121,0,299,0
1045,16- Begampura, Begampura,701/3,Ahsan Ilahi,Fajal Ilahi, Begampura,8979664302,Residential Self ,50,105,50,804,370,2128
1046,16- Begampura, Begampura,702,Raees Ahmad,Hameed Ahmad, Begampura,9149255707,Residential Self ,121,410,121,738,299,1732
1047,16- Begampura, Begampura,703,Habiban,Mukeem Ahmad, Begampura,9810746956,Residential Self ,218,3466,218,3466,202,1400
1048,16- Begampura, Begampura,704,Abool Hasan,Abdul Hasan, Begampura,8272829700,Residential Self ,55,952,55,1508,0,0
1049,16- Begampura, Begampura,705,Laik Ahmad,Jameel Ahmad, Begampura,9634841041,Residential Self ,61,372,61,372,359,5412
1050,16- Begampura, Begampura,706,Yaseen,Mohd Haneef, Begampura,9719975062,Residential Self ,110,0,110,0,310,0
1051,16- Begampura, Begampura,707,Laik Ahmad,Jameel Ahmad, Begampura,9410034700,Residential Self ,121,5207,121,738,0,0
1052,16- Begampura, Begampura,708,Mustakeem,Abdul Salam, Begampura,8532081465,Residential Self ,182,382,182,382,238,476
1053,16- Begampura, Begampura,708/1,Mustakeem,Abdul Salam, Begampura,8532081465,Residential Self ,0,0,0,0,0,0
1054,16- Begampura, Begampura,709,Mobin,Hanif, Begampura,-,Residential Self ,48,0,48,0,372,24
1055,16- Begampura, Begampura,710,-,-, Begampura, -, -,0,0,0,0,0,0
1056,16- Begampura, Begampura,711,Yunus,Mohd Yusuf, Begampura,7417869314,Residential Self ,61,578,61,578,420,2640
1057,16- Begampura, Begampura,712,"Majidan W/O Mushtak,Saeed,Ikbal,Istiyak",Mushtak, Begampura,7500806485,Residential Self ,67,0,67,0,353,0
1058,16- Begampura, Begampura,713,Naseema,Shareef , Begampura,-,Residential Self ,73,864,73,864,347,2356
1059,16- Begampura, Begampura,714,Mushtak,Ismail, Begampura,7500806485,Residential Self ,73,864,73,864,0,0
1060,16- Begampura, Begampura,715,Mushtak,Ismail, Begampura,7500806485,Residential Self ,73,864,73,864,0,0
1061,16- Begampura, Begampura,715/1,Yaseen,Mohd Haneef, Begampura,9719975062,Commercial Self ,133,0,133,0,0,0
1062,16- Begampura, Begampura,715/1A,Yaseen,Mohd Haneef, Begampura,9719975062,Commercial Self ,330,0,330,0,0,0
1063,16- Begampura, Begampura,715/2,Yaseen,Mohd Haneef, Begampura,9719975062,Residential Self ,66,0,66,0,0,0
1064,16- Begampura, Begampura,716,"Mohd Arif,Mohd Aabid, S/O Raees Ahmad",Abdul Majeed, Begampura,-,Commercial Self ,145,3106,145,3107,0,0
1065,16- Begampura, Begampura,717,"Rajpal S/O Ram Kishan, Kamal Kant",Rajpal, Begampura,8865854912,Commercial Self ,121,121,121,121,299,323
1066,16- Begampura, Begampura,718,"Rajpal S/O Ram Kishan, Kamal Kant",Rajpal, Begampura,8865854912,Residential Self ,157,157,157,157,0,0
1067,16- Begampura, Begampura,719,Tejpal,Ram Kishan, Begampura,8476810949,Residential Self ,73,73,73,73,347,347
1068,16- Begampura, Begampura,720,Tejpal,Ram Kishan, Begampura,8476810949,Commercial Self ,121,121,121,121,0,0
1069,16- Begampura, Begampura,721,Amarnath,Omparkash, Begampura,9027291030,Commercial Self ,73,0,73,0,0,0
1070,16- Begampura, Begampura,722,"Archna W/O Kuldeep, Usha W/O Atul, Rashmi",Pardhuman, Begampura,8923284841,Commercial Self ,109,0,109,0,311,0
1071,16- Begampura, Begampura,723,"Archna W/O Kuldeep, Usha W/O Atul, Rashmi",Pardhuman, Begampura,8923284841,Residential Self ,88,0,88,0,0,0
1072,16- Begampura, Begampura,"7,24,725",-,-, Begampura, -, -,0,0,0,0,0,0
1073,16- Begampura, Begampura,726,-,-, Begampura, -, -,0,0,0,0,0,0
1074,16- Begampura, Begampura,727,-,-, Begampura, -, -,0,0,0,0,0,0
1075,16- Begampura, Begampura,728,"Gayyur S/O Habeeb Ahmad,Muniba",Gayyur, Begampura,9760262540,Commercial Self ,224,224,224,224,0,0
1076,16- Begampura, Begampura,"7,29,730","Rajendar Kumar, Khoobchand",Sevaram, Begampura,9719952713,Commercial Self ,799,0,799,0,24,0
1077,16- Begampura, Begampura,731,"Rajendar Kumar, Khoobchand",Sevaram, Begampura,9719952713,Residential Self ,182,0,182,0,0,0
1078,16- Begampura, Begampura,732,Vinay Kumar,Ved Parkash, Begampura,8899091055,Commercial Self ,0,0,0,0,420,7026
1079,16- Begampura, Begampura,296/37/O1,Nadeem,Akhtar Hasan, Begampura,9045215051,Residential Self ,200,2716,200,0,200,1280
1080,16- Begampura, Begampura,733,"Ankur Kumar,Pradeep Kumar",Rajendar Kumar, Begampura,8909283449,Commercial Self ,2904,2903,2904,2904,0,0
1081,16- Begampura, Begampura,734,"Vinod Kumar,Varun Kumar",Surendar Kumar, Begampura,9368616464,Commercial Self ,523,0,523,0,0,0
1082,16- Begampura, Begampura,735,Sanjay Kumar,Salekchand, Begampura,8923077471,Residential Self ,66,0,66,0,0,0
1083,16- Begampura, Begampura,736,Sanjay Kumar,Salekchand, Begampura,8923077471,Commercial Self ,242,0,242,0,420,0
1084,16- Begampura, Begampura,737,Salekchand,Dayaram, Begampura,9897467700,Commercial Self ,242,0,242,0,0,0
1085,16- Begampura, Begampura,738,Salekchand,Dayaram, Begampura,9897467700,Residential Self ,44,0,44,0,0,0
1086,16- Begampura, Begampura,"7,39,740",Shakir,Mohd Yamin, Begampura,9045663430,Commercial Self ,440,2442,440,2686,0,0
1087,16- Begampura, Begampura,296/31A,Ikram ,Ishak, Begampura,-,Residential Self ,110,1510,110,1510,320,2340
1088,16- Begampura, Begampura,296/32A1,Dilshad,Jalaludeen, Begampura,7533876786,Residential Self ,150,150,150,0,270,0
1089,16- Begampura, Begampura,661/1,Mohammad Furkan,Midda, Begampura,9012235023,Residential Self ,200,0,200,0,220,0
1090,16- Begampura, Begampura,296/39A1,Aslam,Karam Ilahi Urf Sukku, Begampura,8532998599,Residential Self ,100,610,100,620,0,0
1091,16- Begampura, Begampura,296/37D1,Saida,Meharban, Begampura,9012766340,Commercial Self ,200,200,200,1221,220,1040
1092,16- Begampura, Begampura,259/B,Mustari,Khaleel Ahmad, Begampura,9760972628,Residential Self ,50,306,50,306,365,1765
1093,16- Begampura, Begampura,296/39A2,Parveen,Sanavvar, Begampura,-, Open plot,0,0,0,0,0,0
1094,16- Begampura, Begampura,296/36I/1,Anjum,Nadeem, Begampura,8864837101,Mixed Self ,200,662,200,662,220,640
1095,16- Begampura, Begampura,296/37I/1,"Irshad S/O Asgar,Mehraj",Irshad, Begampura,9758137784,Residential Self ,150,0,150,0,270,0
1096,16- Begampura, Begampura,244/2,Anwar,Jameel, Begampura,8449662067,Residential Self ,100,0,100,210,320,640
1097,16- Begampura, Begampura,296/30/1,Imran,Asharf, Begampura,9548031746,Residential Self ,150,0,150,0,270,0
1098,16- Begampura, Begampura,296/39/1,Munni,Mohan, Begampura,9897601432,Residential Self ,150,497,150,497,270,790
1099,16- Begampura, Begampura,296/30A1,Hashim S/O Noor Hasan,Ahmadulla, Begampura,9897871662,Residential Self ,150,150,150,150,270,270
1100,16- Begampura, Begampura,244/1,Haneef,Jameel, Begampura,6395945149,Residential Self ,100,257,100,1357,320,2140
1101,16- Begampura, Begampura,296/37/F1,Dilshad,Akbar, Begampura,9548212165,Residential Self ,0,0,0,0,0,0
1102,16- Begampura, Begampura,396/33A/1,Mohd Rijvan,Mohd Salimudeen, Begampura,9259202550,Residential Self ,150,0,150,0,0,0
1103,16- Begampura, Begampura,296/36G5,Mohd Shahnavaj,Jahid Hasan, Begampura,8475847786,Residential Self ,200,200,200,0,220,220
1104,16- Begampura, Begampura,296/37E/2,Shahjad Ahmad,Irshad Ahmad, Begampura,7466044000,Residential Self ,150,497,150,497,420,1240
1105,16- Begampura, Begampura,339/1,Mohd Ahsan,Yusuf, Begampura,9690348261,Residential Self ,150,917,150,917,270,1290
1106,16- Begampura, Begampura,296/37F/2,"Fool Bano W/O Shamshad,Mohseena",Ansar, Begampura,9520664268,Residential Self ,200,2129,200,928,420,2940
1107,16- Begampura, Begampura,296/39/2,Shabana,Mursaleen, Begampura,-,Residential Self ,100,610,100,610,320,1540
1108,16- Begampura, Begampura,296/36 I/2,"Vipin Kumar,Sandeep Goyal",Tej Parkash, Begampura,9927922971, Open plot,200,0,200,0,0,0
1109,16- Begampura, Begampura,296/37L/A,"Saleem Malik S/O Rasheed,Nadeem Malik",Saleem Malik, Begampura,8057777940,Residential Self ,100,100,100,100,320,320
1110,16- Begampura, Begampura,296/32C,"Shahjad S/O Yameen,
V
Israna W/O Shahjad",Yameen, Begampura,9927825237,Residential Self ,100,0,100,0,320,0
1111,16- Begampura, Begampura,653/1,Krishanpal,Omparkash, Begampura,8791446685, Open plot,100,0,100,0,0,0
1112,16- Begampura, Begampura,296/30/2,Mohd Saleem,Mohd Ayyub, Begampura,9997969256,Residential Self ,250,828,250,828,0,0
1113,16- Begampura, Begampura,296/39/3,Mohd Parvej,Meer Hasan, Begampura,-,Residential Self ,200,0,200,0,220,220
1114,16- Begampura, Begampura,296/30A/2,Ahsan,Habeeb Ahmad, Begampura,7983530761,Residential Self ,150,315,150,315,270,540
1115,16- Begampura, Begampura,296/38A,Majda Parveen,Shokeen Ahmad, Begampura,-, Open plot,400,400,400,400,420,420
1116,16- Begampura, Begampura,296/38B,Naseem,Rafeek, Begampura,9084206866,Residential Self ,400,840,400,840,20,40
1117,16- Begampura, Begampura,296/38C,Khatija,Shamshad, Begampura,9634451009,Residential Self ,300,993,300,993,120,340
1118,16- Begampura, Begampura,296/38D,Sayda,Ikram, Begampura,-,Residential Self ,300,2845,300,2845,120,540
1119,16- Begampura, Begampura,296/30B,Kamar Jahan,Irshad, Begampura,8865847388,Residential Self ,100,464,100,474,320,1340
1120,16- Begampura, Begampura,296/37 I/2,Anisa,Akbar, Begampura,8882980672,Residential Self ,300,630,300,630,0,0
1121,16- Begampura, Begampura,296/38E,Raees,Lateef, Begampura,-,Residential Self ,300,1831,300,1831,120,540
1122,16- Begampura, Begampura,296/39/4,Vakeela Begam,Jareef Ahmad Urf Pappu, Begampura,-,Residential Self ,250,1161,250,1161,170,640
1123,16- Begampura, Begampura,296/36 I/3,Mobina,Intajar, Begampura,-,Residential Self ,100,0,100,0,320,1540
1124,16- Begampura, Begampura,296/37D2,Ruksana Begam,Mohammad Kamman Khan, Begampura,-,Residential Self ,200,0,200,0,220,0
1125,16- Begampura, Begampura,296/1A,Sarfaraj,Noor Mohammad, Begampura,9897976443,Residential Self ,200,0,200,0,220,0
1126,16- Begampura, Begampura,259/2,Naima,W/O Fazal Ilahi, Begampura,8791922020,Residential Self ,360,2778,360,2778,60,200
1127,16- Begampura, Begampura,296/30C,Ikram,Yaseen, Begampura,6395869230, -,1200,2234,1200,1200,0,0
1128,16- Begampura, Begampura,296/38/2A,"Kavita Verma, Geeta Verma D/O Aftabe Aalam S/O Shyaam Singh",Shyaam Singh, Begampura,9412638584,Residential Self ,360,0,360,0,60,0
1129,16- Begampura, Begampura,296/30/3,Sajo Urf Shajahan,Mohd.Safik Ahmad, Begampura, -, -,406,101,406,101,115,210
1130,16- Begampura, Begampura,296/33A/1,Mohd.Rizwan,Mohd.Salimuddin, Begampura, -, -,150,150,150,150,270,270
1131,16- Begampura, Begampura,296/37I/3A,Aabid,Yusuf, Begampura, -, -,219,0,219,0,0,0
1132,16- Begampura, Begampura,296/38/2B,Anwar,Sukhu, Begampura, -, -,440,0,440,0,0,0
1133,16- Begampura, Begampura,296/370/2,Fareed,Salim, Begampura, -, -,293,610,293,615,127,254
1134,16- Begampura, Begampura,296/39B/1,Mohd.Pravej,Mir Hasan, Begampura, -, -,346,0,346,0,0,0
1135,16- Begampura, Begampura,296/38B/1,Ayyub,Sabbir, Begampura, -, -,326,1991,326,1991,94,336
1136,16- Begampura, Begampura,296/37R,Rukayya Begum,Sarif Ahmad, Begampura, -, -,1188,5514,1188,5514,0,0
1137,16- Begampura, Begampura,296/36I/1B,Sabnam,Rizwaan, Begampura, -, -,308,0,308,0,112,308
1138,16- Begampura, Begampura,296/36I/1D,Mehraj,Inam, Begampura, -, -,211,443,211,443,209,607
1139,16- Begampura, Begampura,296/36I/1A,Sehraj,Mustkim, Begampura, -, -,308,1430,308,1430,420,0
1140,16- Begampura, Begampura,296/36I/1C,Tarnnum,Ikram, Begampura, -, -,308,1430,308,0,420,1240
1141,16- Begampura, Begampura,296/30D,Sanjay Kumar S/O Salekchandr,Varun Kumar S/O Surendra Kumar, Begampura, -, -,261,548,261,548,420,1240
1142,16- Begampura, Begampura,296/38/2AB,Saida,Noor Mohd. Urf Kalu, Begampura, -, -,406,853,406,858,0,0
1143,16- Begampura, Begampura,296/33C,Imtiyaz Ali,Yasin, Begampura, -, -,181,599,181,599,0,0
1144,16- Begampura, Begampura,296/37E/1A,Furkan,Irfan, Begampura, -, -,571,0,571,1890,420,840
1145,16- Begampura, Begampura,296/39/6,Mohd.Intzar,Mohd.Ashfak, Begampura, -, -,165,0,165,0,420,0
1146,16- Begampura, Begampura,296/38G,Bimlesh Mittal,Arvind Mittal, Begampura, -, -,76,252,76,252,344,688
1147,16- Begampura, Begampura,296/38F,Bimlesh Mittal,Arvind Mittal, Begampura, -, -,76,252,76,252,420,420
1148,16- Begampura, Begampura,296/39/3A,Siba W/O Aashu Ahmad,Mefrin W/O Saadik, Begampura, -, -,353,1168,353,1168,0,0
1149,16- Begampura, Begampura,296/38/1,Mohd.Salim,Abdul Hamid, Begampura, -, -,97,321,97,321,420,840
1150,16- Begampura, Begampura,296/37K/A,Reshma,Salim, Begampura, -, -,892,1873,892,1873,420,420
1151,16- Begampura, Begampura,296/39/AB,Naeem Ahmad,Abdul Hakim, Begampura, -, -,320,1059,320,1059,0,0
1152,16- Begampura, Begampura,296/38H,Aaftane Alam S/O Shyam Singh,Geeta W/O Vipin, Begampura, -, -,272,272,272,272,0,0
1153,16- Begampura, Begampura,296/37D/A,Malka Rav,Sarafat Khan, Begampura, -, -,260,861,260,861,420,1240
1154,16- Begampura, Begampura,296/39A4,Ishrat Jahan,Munawar Hasan, Begampura, -, -,302,302,302,302,0,0
1155,16- Begampura, Begampura,276/1,Abdul Talib,Sajaul, Begampura, -, -,0,0,0,0,0,0
1156,16- Begampura, Begampura,36/1,Farzana,Sajid, Begampura, -, -,1134,1134,0,0,0,0
1157,16- Begampura, Begampura,296/39A/5,Firoj Khan,Mustak Ahmad, Begampura, -, -,218,218,218,218,202,202
1158,16- Begampura, Begampura,741,Samsad,Akhtar Hasan, Begampura, -, -,570,0,570,0,0,0
1159,16- Begampura, Begampura,742,Yakub Ali S/O Mohd Iqbal,Khurshida W/O Mohd Yakub Ali, Begampura, -, -,782,782,782,782,0,0
1160,16- Begampura, Begampura,744,Amir Ahmad S/O Ali Ahmad,Rubina W/O Amir Ahmad, Begampura, -, -,595,0,595,0,0,0
1161,16- Begampura, Begampura,743,Masuda ,Ummed Ali, Begampura, -, -,416,0,416,0,0,0
1162,16- Begampura, Begampura,296/13D,Furkan Ahmad,Rafek Ahmad, Begampura, -, -,491,491,491,491,0,0
1163,16- Begampura, Begampura,296/39/8,Jamila W/O Yakub,Mohd.Yakub S/O Mutkeem, Begampura, -, -,1360,0,1360,0,0,0
1164,16- Begampura, Begampura,296/40A,Gulista Begum,Salim Ahmad, Begampura, -, -,204,204,204,204,420,0
1165,16- Begampura, Begampura,296/39/10,Mohd.Akhlak,Islam, Begampura, -, -,211,0,211,0,0,0
1166,16- Begampura, Begampura,296/36I/IE,Mohd.Yusuf S/O Mohd. Yakub,Sayra W/O Mohd. Yusuf, Begampura, -, -,567,0,567,0,0,0
1167,16- Begampura, Begampura,296/30/4,Nasima,Mohd.Yakub, Begampura, -, -,557,0,0,0,0,0
1168,16- Begampura, Begampura,296/37I/3,Mobina,Intjar, Begampura, -, -,100,771,100,771,0,0
1169,16- Begampura, Begampura,296/36I/2,"Vipin Kumar,Sandep Goyal",Tej Prakash Goyal, Begampura, -, -,200,0,200,0,220,40
1170,16- Begampura, Begampura,296/37L/1,Sabana,Kadir, Begampura, -, -,165,547,165,547,255,745
1171,16- Begampura, Begampura,206/37O/1,Mohd.Nadeem,Akhtar Hasan, Begampura, -, -,200,2716,200,2869,0,0
