PROPERTY ID,WARD NAME,MOHALLA NAME,HOUSE NO,OWNER NAME,FATHER NAME,ADDRESS,MOBILE NO,PROPERTY USE AS,OLD HOUSE TAX 2025-2026,HOUSE TAX ARRER 2025-2026,OLD WATER TAX 2025-2026,WATER TAX ARRER 2025-2026,OLD WATER TANK TAX 2025-2026,OLD WATER TANK ARRER 2025-2026
1,15-Saravgyan,Saravgyan,1,Ram Dass,Ajit Parshad,Saravgyan,9152364866,Residential Self ,55,878,55,873,0,0
2,15-Saravgyan,Saravgyan,2,Babita Jain,Deepak Kumar Jain,Saravgyan,9152364866,Commercial Self ,121,0,121,121,0,0
3,15-Saravgyan,Saravgyan,3,Padhuband Kumar,Ram Dass Jain,Saravgyan,9152364866,Commercial Self ,109,0,109,0,0,0
4,15-Saravgyan,Saravgyan,4,Nagini Devi,W/O Pawan Kumar,Saravgyan,9152364866,Commercial Self ,44,92,44,92,0,0
5,15-Saravgyan,Saravgyan,5,Sampat,Sawasthan,Saravgyan,9411272624,Commercial Self ,121,0,121,0,299,20
6,15-Saravgyan,Saravgyan,6,Kamla Devi,W/O Sampat,Saravgyan,9411272624,Commercial Self ,44,0,44,0,0,0
7,15-Saravgyan,Saravgyan,7,"Dinesh Kumar,Ajay Kumar,Jai Kumar",Basheshwar Dayal,Saravgyan,9837984124,Residential Self ,73,73,79,0,420,0
8,15-Saravgyan,Saravgyan,8,Jagdish Parshad,Ram Savroop,Saravgyan,8384820925,Residential Self ,73,0,73,0,0,0
9,15-Saravgyan,Saravgyan,9,Sataya Vati,W/O Padam Sen,Saravgyan,-,Residential Self ,73,161,73,169,0,0
10,15-Saravgyan,Saravgyan,10,Kiran Bala,W/O Bhumesh,Saravgyan,7060035400,Residential Self ,110,110,110,110,310,334
11,15-Saravgyan,Saravgyan,11,Shanti Devi,W/O Parmatma Saran,Saravgyan,-,Residential Self ,87,87,87,87,333,4030
12,15-Saravgyan,Saravgyan,12,Kailash  Chand,Girdhari Lal,Saravgyan,-,Residential Self ,79,0,79,79,0,0
13,15-Saravgyan,Saravgyan,13,Shayam Lal,Tulsi Ram,Saravgyan,9627254050,Residential Self ,109,229,109,229,311,670
14,15-Saravgyan,Saravgyan,13/1,"Devendra Kumar, Jitendra Kumar,
Munendra",Shekher Chand Jain,Saravgyan,9997205381,Residential Self ,165,347,165,347,0,0
15,15-Saravgyan,Saravgyan,14,"Devendra Kumar, Jitendra Kumar,
Munendra",Shekher Chand Jain,Saravgyan,9997205381,Residential Self ,66,139,66,139,0,0
16,15-Saravgyan,Saravgyan,15,Mandir Pooja Isthal,-,Saravgyan,-,Temple,0,0,0,0,0,0
17,15-Saravgyan,Saravgyan,16,"Amar Nath, Prem Nath, Rameshwar Nath, 
Hari Nath Madan Lal",Laxmi Chand,Saravgyan,9319113304,Residential Self ,44,268,44,268,0,0
18,15-Saravgyan,Saravgyan,17,"Amar Nath, Prem Nath, Rameshwar Nath, 
Hari Nath Madan Lal",Laxmi Chand,Saravgyan,9319113304,Residential Self ,44,268,44,268,0,0
19,15-Saravgyan,Saravgyan,18,"Amar Nath, Prem Nath, Rameshwar Nath, 
Hari Nath Madan Lal",Laxmi Chand,Saravgyan,9319113304,Residential Self ,44,268,44,268,0,0
20,15-Saravgyan,Saravgyan,19,Kamar Chand,Mehar Chand,Saravgyan,-,Residential Self ,145,145,145,145,275,275
21,15-Saravgyan,Saravgyan,21,Sudesh,Ladali Parshad,Saravgyan,-,Residential Self ,0,0,0,0,0,0
22,15-Saravgyan,Saravgyan,22,Devendra  ,Ladali Parshad,Saravgyan,-,Residential Self ,44,0,44,0,0,0
23,15-Saravgyan,Saravgyan,20,Raj Bala,W/O Satish Kumar,Saravgyan,7073478883,Residential Self ,109,219,109,109,0,0
24,15-Saravgyan,Saravgyan,23,Ramesh Chand,Sumat Parshad,Saravgyan,-,Residential Self ,44,0,44,0,0,0
25,15-Saravgyan,Saravgyan,24,Kuldeep Jain,Chandu Lal,Saravgyan,9412553178,Residential Self ,800,800,800,800,0,0
26,15-Saravgyan,Saravgyan,25,"Shayam Sunder, Ishwer, Brij Bhushan",Payare Lal,Saravgyan,8106551432,Residential Self ,48,0,48,0,372,0
27,15-Saravgyan,Saravgyan,26,Keheri Singh,Bhartu Ram,Saravgyan,8755115697,Residential Self ,44,145,44,699,376,3108
28,15-Saravgyan,Saravgyan,27,Ramesh Chand,Sumat Parshad,Saravgyan,-,Residential Self ,121,0,121,0,299,0
29,15-Saravgyan,Saravgyan,28,Nirmal Kumar,Jyoti Parshad,Saravgyan,-,Residential Self ,61,0,61,0,359,0
30,15-Saravgyan,Saravgyan,29,Ramesh Chand,Sumat Parshad,Saravgyan,-,Residential Self ,45,0,45,0,0,0
31,15-Saravgyan,Saravgyan,30,Firoz Devi,Gyan Chand,Saravgyan,-,Residential Self ,0,1634,0,0,0,0
32,15-Saravgyan,Saravgyan,31,Subhash Chand,Shekher Chand  ,Saravgyan,-,Residential Self ,264,6185,264,6185,420,7044
33,15-Saravgyan,Saravgyan,32,Shri Pal Jain,Mangat Ram,Saravgyan,935977601,Residential Self ,44,802,44,802,420,1940
34,15-Saravgyan,Saravgyan,33,"Sidharth, Antu",Jitendra Kumar Jain,Saravgyan,935977601,Residential Self ,44,802,44,802,420,420
35,15-Saravgyan,Saravgyan,34,Rajesh Kumar,Mangat Ram,Saravgyan,9368430107,Residential Self ,44,204,44,204,0,0
36,15-Saravgyan,Saravgyan,35,Anil Kumar,Nathumal,Saravgyan,9557342041,Residential Self ,97,97,97,97,0,0
37,15-Saravgyan,Saravgyan,36,Virendra Vashisth,Prem Nath,Saravgyan,9319113304,Residential Self ,61,61,61,61,359,359
38,15-Saravgyan,Saravgyan,37,"Indu Jain W/O Mukesh Kumar Jain,
Seema Jain W/O Manoj Kumar Jain",-,Saravgyan,8449838601,Residential Self ,48,15,48,0,372,2068
39,15-Saravgyan,Saravgyan,38,"Dhan Kumar, Deepak Kumar",Satya Kumar,Saravgyan,9368496502,Residential Self ,61,61,61,61,0,0
40,15-Saravgyan,Saravgyan,39,"Dhan Kumar, Deepak Kumar",Satya Kumar,Saravgyan,9368496502,Residential Self ,67,67,67,67,0,0
41,15-Saravgyan,Saravgyan,40,Aatma Ram,Madan Lal,Saravgyan,9045758685,Residential Self ,97,97,97,97,323,323
42,15-Saravgyan,Saravgyan,41,Phoolwati,W/O Bhushan,Saravgyan,7060412663,Residential Self ,44,803,44,802,0,0
43,15-Saravgyan,Saravgyan,42,Phoolwati,W/O Bhushan,Saravgyan,7060412663,Residential Self ,0,0,0,0,420,4140
44,15-Saravgyan,Saravgyan,43,"Kailash Chand,
Mahendra Singh S/O Kailash Chand",Kesho Ram,Saravgyan,7302159400,Residential Self ,109,0,109,0,420,0
45,15-Saravgyan,Saravgyan,44,"Jagwati W/O Devi Parshad,
Daya Ram S/O Babu Ram",-,Saravgyan,-,Residential Self ,36,76,0,0,0,0
46,15-Saravgyan,Saravgyan,45,"Saroj Verma W/O Mahendra Kumar,
Mahendra Kumar S/O Aatma Ram, Vijay Kumar S/O Mahendra Kumar, Neetu Verma W/O Vijay Kumar",Aatma Ram,Saravgyan,9634847347,Residential Self ,275,275,275,275,145,145
47,15-Saravgyan,Saravgyan,46,"Trishala Jain W/O Surendra Kumar Jain,
Seema Jain W/O Manoj Kumar Jain, Indu Jain W/O Mukesh Kumar Jain",-,Saravgyan,8449838601, -,121,0,121,0,420,0
48,15-Saravgyan,Saravgyan,47,Roshan Lal,Narsingh Dass,Saravgyan,-,Residential Self ,48,0,48,0,372,372
49,15-Saravgyan,Saravgyan,47/2,Daya Rani,W/O Rakesh Kumar,Saravgyan,-,Residential Self ,48,293,48,0,347,371
50,15-Saravgyan,Saravgyan,48,"Inda Rani W/O Raj Kumar,
Sanjay, Manoj, Kamal S/O Raj Kumar",Raj Kumar,Saravgyan,9557363618,Residential Self ,73,73,73,0,0,0
51,15-Saravgyan,Saravgyan,49,Jay Parkash,Babu Ram,Saravgyan,-,Residential Self ,73,73,73,73,420,1540
52,15-Saravgyan,Saravgyan,50,"Gorav Kumar Goyal S/O Keerti Bhushan Goyal, 
Savitri Devi W/O Keerti Bhushan",Keerti Bhushan,Saravgyan,9719395395,Residential Self ,73,73,73,73,0,0
53,15-Saravgyan,Saravgyan,51,Dr. Vinod,Parkash,Saravgyan,-,Residential Self ,51,51,51,51,0,0
54,15-Saravgyan,Saravgyan,52,Dr. Vinod,Parkash,Saravgyan,-,Residential Self ,55,55,51,51,0,0
55,15-Saravgyan,Saravgyan,53,Dr. Vinod,Parkash,Saravgyan,-,Residential Self ,44,48,44,44,0,0
56,15-Saravgyan,Saravgyan,53/1,Rajendra Kumar,Amar Singh,Saravgyan,9897398528,Residential Self ,55,873,55,873,0,0
57,15-Saravgyan,Saravgyan,54,Rakesh,Mitra Sen,Saravgyan,9152323262,Residential Self ,79,367,79,367,0,0
58,15-Saravgyan,Saravgyan,55,Ramesh Chand,Shri Ram,Saravgyan,9997933074,Residential Self ,121,561,121,561,299,1156
59,15-Saravgyan,Saravgyan,56,Rakesh Kumar,Mitra Sen,Saravgyan,9997933074,Residential Self ,73,692,73,692,0,0
60,15-Saravgyan,Saravgyan,57,Kuldeep  ,Amar Singh,Saravgyan,9997933074,Residential Self ,48,1169,48,1168,420,4752
61,15-Saravgyan,Saravgyan,58,"Aasu Verma, Vikash Verma",Radha Rani,Saravgyan,9319728217,Residential Self ,73,1190,73,1763,420,4440
62,15-Saravgyan,Saravgyan,59,Roop Chand,Telu Ram,Saravgyan,8791727887,Residential Self ,48,101,48,659,0,0
63,15-Saravgyan,Saravgyan,60,Kuldeep,Amar Singh,Saravgyan,-,Residential Self ,61,1478,61,389,0,0
64,15-Saravgyan,Saravgyan,61,Amar Singh,Chatar Sen,Saravgyan,-,Residential Self ,85,3180,85,3180,0,0
65,15-Saravgyan,Saravgyan,62,Subodh Kumar,Daya Ram,Saravgyan,-,Residential Self ,97,2344,97,2344,420,4440
66,15-Saravgyan,Saravgyan,63,"Sumer Chand, Naresh Chand",Shri Chand,Saravgyan,9897046269,Residential Self ,88,2837,88,1607,420,7020
67,15-Saravgyan,Saravgyan,64,Subodh Kumar,Daya Ram,Saravgyan,9897046269,Residential Self ,48,1168,48,1168,0,0
68,15-Saravgyan,Saravgyan,64/1,"Anil, Sunil, Parbhash",Amar Chand,Saravgyan,9837128215,Residential Self ,55,1007,55,1007,0,0
69,15-Saravgyan,Saravgyan,65,Sushma Rani,W/O Subodh Kumar Jain,Saravgyan,-,Residential Self ,61,1478,61,373,0,0
70,15-Saravgyan,Saravgyan,66,Chanchal Rani,W/O Kapoor Chand,Saravgyan,8791729568,Residential Self ,44,92,44,44,420,444
71,15-Saravgyan,Saravgyan,67,Sandeep Kumar,Asaram,Saravgyan,9837121582,Residential Self ,44,44,44,44,376,376
72,15-Saravgyan,Saravgyan,68,Zahir Ahamad,Zameer Ahamad,Saravgyan,-,Open Plot ,48,0,48,0,0,0
73,15-Saravgyan,Saravgyan,69,Anand Parkash,Kesho Ram,Saravgyan,9358623278,Residential Self ,55,873,55,863,365,3000
74,15-Saravgyan,Saravgyan,70,Tara Chand,Mitthan Lal,Saravgyan,-,Open Plot ,0,0,0,0,0,0
75,15-Saravgyan,Saravgyan,71,Ashok Kumar,Lakshman Dass,Saravgyan,-,Open Plot ,0,0,0,0,0,0
76,15-Saravgyan,Saravgyan,72,"Mukesh, Ashok,
Savitri Devi W/O Mohan Lal",Mohan Lal,Saravgyan,9897479071,Residential Self ,79,79,79,79,341,341
77,15-Saravgyan,Saravgyan,73,Gulab Singh,Roop Chand,Saravgyan,9997968554,Open Plot ,97,97,97,97,323,323
78,15-Saravgyan,Saravgyan,74,Nanak Chand,Asaram,Saravgyan,-,Open Plot ,0,0,0,0,0,0
79,15-Saravgyan,Saravgyan,75,Nanak Chand,Asaram,Saravgyan,-,Open Plot ,0,0,0,0,0,0
80,15-Saravgyan,Saravgyan,76,Nanak Chand,Asaram,Saravgyan,-,Open Plot ,0,0,0,0,0,0
81,15-Saravgyan,Saravgyan,77,Nanak Chand,Asaram,Saravgyan,-,Residential Self ,242,1082,201,1082,178,768
82,15-Saravgyan,Saravgyan,78,Nanak Chand,Asaram,Saravgyan,-,Open Plot ,0,0,0,0,0,0
83,15-Saravgyan,Saravgyan,79,Nanak Chand,Asaram,Saravgyan,-,Open Plot ,0,0,0,0,420,420
84,15-Saravgyan,Saravgyan,80,Shitala Mata Pooja Isthal,-,Saravgyan,-,Temple,0,0,0,0,0,0
85,15-Saravgyan,Saravgyan,81,"Hansh Kumari W/O Harswaroop,
Harswaroop",Chaman Lal,Saravgyan,-,Residential Self ,61,1478,61,1313,420,4440
86,15-Saravgyan,Saravgyan,82,Krishana Devi,Khoob Chand,Saravgyan,9719090093,Residential Self ,61,61,61,61,420,420
87,15-Saravgyan,Saravgyan,83,Sunder Lal,Faggumal,Saravgyan,7520361410,Residential Self ,48,48,48,48,372,372
88,15-Saravgyan,Saravgyan,84,Kanti Devi,W/O Jagdish Parshad,Saravgyan,7520361410,Residential Self ,66,66,66,66,354,354
89,15-Saravgyan,Saravgyan,85,Radhe Shayam,Babu Ram,Saravgyan,9358657782,Residential Self ,0,0,0,0,0,0
90,15-Saravgyan,Saravgyan,86,Kesho Ram,Payare Lal,Saravgyan,9045006690,Residential Self ,73,0,73,0,347,0
91,15-Saravgyan,Saravgyan,87,"Sandeep Jain S/O Brijesh Jain,
Brijesh Jain",Mahendra Jain,Saravgyan,9997220546,Residential Self ,165,165,165,165,420,420
92,15-Saravgyan,Saravgyan,88,Radhe Shayam,Babu Ram,Saravgyan,9358657782,Residential Self ,0,0,0,0,0,0
93,15-Saravgyan,Saravgyan,88/1,Om Pal,Jay Pal,Saravgyan,8149135762,Residential Self ,66,627,66,627,420,2640
94,15-Saravgyan,Saravgyan,89,"Rajiv, Sanjay",Radhe Shayam,Saravgyan,9997220564,Residential Self ,44,0,44,0,0,0
95,15-Saravgyan,Saravgyan,90,Radhe Shayam,Babu Ram,Saravgyan,9358657782,Residential Self ,48,0,48,0,372,0
96,15-Saravgyan,Saravgyan,91,"Sidharth Jain S/O Brijesh Jain,
Brijesh Jain ",Mahendra Jain,Saravgyan,9997220546,Residential Self ,77,2661,77,1804,0,0
97,15-Saravgyan,Saravgyan,92,Parveen Kumar,Buland Ram,Saravgyan,8791729568,Residential Self ,51,2125,51,2122,420,5596
98,15-Saravgyan,Saravgyan,93,Pawan Kumar,Ramsawaroop,Saravgyan,9572879156,Residential Self ,799,16647,799,16647,0,0
99,15-Saravgyan,Saravgyan,94,"Ram Gopal, Ramridh Pal",Narsingh Dass,Saravgyan,-,Residential Self ,660,7943,660,15463,0,0
100,15-Saravgyan,Saravgyan,95,Ramsawaroop,Bhagat Ram,Saravgyan,8077526948,Residential Self ,432,23336,432,23033,27,643
101,15-Saravgyan,Saravgyan,96,Sushila  ,Ramesh Chand Verma,Saravgyan,-,Residential Self ,145,0,145,0,0,0
102,15-Saravgyan,Saravgyan,97,Kuldeep Sherma,Devi Chand Sherma,Saravgyan,-,Residential Self ,97,97,97,97,323,323
103,15-Saravgyan,Saravgyan,98,Indu Jain W/O Mukesh,Nishant Jain S/O Mukesh Kumar,Saravgyan,8899493051,Residential Self ,109,0,109,0,420,0
104,15-Saravgyan,Saravgyan,99,Kesho Ram,Munshi Ram,Saravgyan,8899495130,Residential Self ,73,73,73,73,347,371
105,15-Saravgyan,Saravgyan,100,Kapuri Devi,W/O Shri Pal Jain,Saravgyan,9412582833,Residential Self ,73,0,73,0,347,0
106,15-Saravgyan,Saravgyan,101,Kamla Devi,W/O Parkash Chand,Saravgyan,9568196710,Residential Self ,97,1332,97,97,420,420
107,15-Saravgyan,Saravgyan,102,Kalash Chand Chetanlal,Girdhari Lal,Saravgyan,9897404630,Residential Self ,73,0,73,73,0,0
108,15-Saravgyan,Saravgyan,103,Rajiv Kumar Jain,Indra Sen Jain,Saravgyan,8979430108,Residential Self ,97,97,97,97,420,420
109,15-Saravgyan,Saravgyan,104,"Sanjay Jain, Rekha Jain, Vandna Jain",Mahendra Kumar Jain,Saravgyan,9027731681,Commercial Self ,97,97,97,97,420,420
110,15-Saravgyan,Saravgyan,105,Kailash Chand,Girdhari Lal,Saravgyan,9897404630,Residential Self ,73,0,73,73,0,0
111,15-Saravgyan,Saravgyan,106,Kailash Wati,Janeshwar Dass,Saravgyan,9837345522,Residential Self ,44,0,44,0,0,0
112,15-Saravgyan,Saravgyan,107,Madan Lal,Janeshwar Dass,Saravgyan,7417177918,Residential Self ,48,101,48,48,0,0
113,15-Saravgyan,Saravgyan,108,Madan Lal,Janeshwar Dass,Saravgyan,9837345522,Residential Self ,44,92,44,44,0,0
114,15-Saravgyan,Saravgyan,109,Dhan Parkash,Indra Sen  ,Saravgyan,8755140940,Residential Self ,73,0,73,0,0,0
115,15-Saravgyan,Saravgyan,109/1,Sonu Garg,Brij Mohan,Saravgyan,9897195429,Residential Self ,44,44,44,44,0,0
116,15-Saravgyan,Saravgyan,110,Brij Mohan,Ramchandra,Saravgyan,9557778884,Residential Self ,79,79,79,79,341,361
117,15-Saravgyan,Saravgyan,111,Rakesh Garg,Brij Mohan,Saravgyan,9997967202,Residential Self ,55,55,55,55,0,0
118,15-Saravgyan,Saravgyan,112,"Alka Rani Tayagi, Deepa Tayagi,
Preeti Tayagi, Sonia Tayagi D/O Rajpal Garg,
Amit Tayagi, Sumit Tayagi S/O Rajpal Garg",Rajpal Garg,Saravgyan,9068225305,Residential Self ,88,538,88,538,420,2040
119,15-Saravgyan,Saravgyan,113,"Jay Kumar, Raj Kumar",Vimal Parshad,Saravgyan,-,Residential Self ,44,802,44,1117,0,0
120,15-Saravgyan,Saravgyan,114,Budha Sen,Laxmi Chand,Saravgyan,9897654558,Residential Self ,73,73,73,73,347,347
121,15-Saravgyan,Saravgyan,115,Bijendra Kumar,Parkash Chand,Saravgyan,9997380370,Residential Self ,97,3263,97,3263,420,6540
122,15-Saravgyan,Saravgyan,116,Jinendra Kumar,Shezade Ram,Saravgyan,-,Residential Self ,55,1110,55,1007,0,0
123,15-Saravgyan,Saravgyan,117,"Sajiv, Rajiv",Madho Charan,Saravgyan,9456081571,Residential Self ,103,103,103,103,420,420
124,15-Saravgyan,Saravgyan,118,Jay Kumar  ,Vimal Parshad,Saravgyan,8439746538,Residential Self ,109,0,109,0,311,0
125,15-Saravgyan,Saravgyan,119,Pooran Chand,Rail Chand,Saravgyan,-,Residential Self ,290,10864,290,10864,130,1064
126,15-Saravgyan,Saravgyan,120,Niraj Kumar,Suresh Chand,Saravgyan,-,Residential Self ,85,2886,85,2857,335,4072
127,15-Saravgyan,Saravgyan,121,Mandir Pooja Isthal,-,Saravgyan,-,Temple,0,0,0,0,0,0
128,15-Saravgyan,Saravgyan,122,Prem Chand,Rail Chand,Saravgyan,9729288441,Residential Self ,242,242,242,242,178,178
129,15-Saravgyan,Saravgyan,123,Kasim,Inam,Saravgyan,-,Residential Self ,61,61,61,61,420,420
130,15-Saravgyan,Saravgyan,123/1,Irfan ,Abdul Rahim,Saravgyan,9045575641,Residential Self ,44,0,44,0,376,0
131,15-Saravgyan,Saravgyan,123/2,Farhan Akhtar,Nishar Ahamad,Saravgyan,9756336655,Residential Self ,138,290,138,290,0,0
132,15-Saravgyan,Saravgyan,124,"Sarvan, Pardhuman, Vipin",Devendra,Saravgyan,9927252375,Residential Self ,44,44,44,44,0,0
133,15-Saravgyan,Saravgyan,125,"Sarvan, Pardhuman, Vipin",Devendra,Saravgyan,9927252375,Residential Self ,44,44,44,44,0,0
134,15-Saravgyan,Saravgyan,126,"Sarvan, Pardhuman, Vipin",Devendra,Saravgyan,9927252375,Residential Self ,48,48,48,48,372,372
135,15-Saravgyan,Saravgyan,126/1,"Nathu S/O Ram Kishan,
Shimla W/O Nathu",Ram Kishan,Saravgyan,9927882572,Residential Self ,48,48,48,48,372,372
136,15-Saravgyan,Saravgyan,127,Munendra Kumar,Asaram,Saravgyan,9927257288,Residential Self ,97,97,97,97,0,0
137,15-Saravgyan,Saravgyan,127/1,Mander Jain,Asaram Jain,Saravgyan,9927257288,Residential Self ,109,109,109,109,311,335
138,15-Saravgyan,Saravgyan,127/2,Aashok Kumar,Asaram Jain,Saravgyan,9927257288,Residential Self ,97,97,97,97,0,0
139,15-Saravgyan,Saravgyan,127/3,Narendra Kumar,Asaram Jain,Saravgyan,9927257288,Residential Self ,97,97,97,97,0,0
140,15-Saravgyan,Saravgyan,128,Satyapal,Daya Ram,Saravgyan,9368631088,Residential Self ,73,73,73,3366,420,6900
141,15-Saravgyan,Saravgyan,129,Satyapal,Daya Ram,Saravgyan,9368631088,Residential Self ,48,2501,48,2507,0,0
142,15-Saravgyan,Saravgyan,130,Satyapal,Daya Ram,Saravgyan,9368631088,Residential Self ,31,1561,0,0,0,0
143,15-Saravgyan,Saravgyan,131,Roshan Lal,Narsingh Dass,Saravgyan,9368631088,Residential Self ,24,517,0,0,0,0
144,15-Saravgyan,Saravgyan,131/1,"Ashok Kumar, Manoj Kumar",Trilok Chand,Saravgyan,-,Residential Self ,182,15485,182,14290,0,0
145,15-Saravgyan,Saravgyan,132,Sultan,Asaram,Saravgyan,9368631088,Residential Self ,73,4845,73,3733,0,0
146,15-Saravgyan,Saravgyan,132/1,Dhan Shayam,Data Ram,Saravgyan,9368631088,Residential Self ,61,2528,61,57758,359,5432
147,15-Saravgyan,Saravgyan,132/2,Radhe Shayam,Data Ram,Saravgyan,9368631088,Residential Self ,61,2532,61,2826,359,5432
148,15-Saravgyan,Saravgyan,132/3,Yash Pal,Asaram,Saravgyan,9368631088,Residential Self ,73,153,73,211,347,694
149,15-Saravgyan,Saravgyan,132/4,Jay Pal,Asaram,Saravgyan,9368631088,Residential Self ,73,6677,73,7385,0,0
150,15-Saravgyan,Saravgyan,132/5,Satpal,Asaram,Saravgyan,9368631088,Residential Self ,73,8008,61,8510,0,0
151,15-Saravgyan,Saravgyan,133,Munna Lal,Nem Chand,Saravgyan,9412583438,Residential Self ,133,0,133,0,287,2055
152,15-Saravgyan,Saravgyan,134,Ved Parkash,Jagdish Parshad,Saravgyan,-,Residential Self ,0,0,0,0,0,0
153,15-Saravgyan,Saravgyan,135,Ramesh Chand,Shri Ram,Saravgyan,-,Residential Self ,44,1486,44,1117,0,0
154,15-Saravgyan,Saravgyan,136,Ramesh Chand,Shri Ram,Saravgyan,-,Residential Self ,24,811,0,0,0,0
155,15-Saravgyan,Saravgyan,137,Ramesh Chand,Shri Chand,Saravgyan,-,Residential Self ,44,1482,44,1117,0,0
156,15-Saravgyan,Saravgyan,138,Ramesh Chand,Shri Chand,Saravgyan,-,Residential Self ,12,401,0,0,0,0
157,15-Saravgyan,Saravgyan,139,Malti Devi,W/O Malti Parshad,Saravgyan,9045618894,Residential Self ,12,57,0,0,0,0
158,15-Saravgyan,Saravgyan,140,Malti Devi,W/O Malti Parshad,Saravgyan,9045618894,Residential Self ,12,57,0,0,0,0
159,15-Saravgyan,Saravgyan,141,Malti Devi,W/O Malti Parshad,Saravgyan,9045618894,Residential Self ,12,126,0,0,0,0
160,15-Saravgyan,Saravgyan,142,Malti Devi,W/O Malti Parshad,Saravgyan,9045618894,Residential Self ,12,57,0,0,0,0
161,15-Saravgyan,Saravgyan,143,Hakim Mohd. Ilyash,Abdul Aziz,Saravgyan,9761926837,Residential Self ,48,48,48,48,372,3840
162,15-Saravgyan,Saravgyan,144,Salekh Chand,Nem Chand,Saravgyan,9761689237,Residential Self ,97,0,97,0,0,0
163,15-Saravgyan,Saravgyan,"145.
145/1",Prem Chand,Asaram,Saravgyan,9927887225,Residential Self ,110,110,110,110,310,2906
164,15-Saravgyan,Saravgyan,146,Manoj Kumar,Shayam Lal,Saravgyan,7520361014,Residential Self ,48,223,48,223,0,0
165,15-Saravgyan,Saravgyan,147,Manoj Kumar,Shayam Lal,Saravgyan,7520361014,Residential Self ,55,183,55,256,0,0
166,15-Saravgyan,Saravgyan,148,Manoj Kumar,Shayam Lal,Saravgyan,7520361014,Residential Self ,55,183,55,259,0,0
167,15-Saravgyan,Saravgyan,149,Sunil Kumar,Shayam Lal,Saravgyan,9545603233,Residential Self ,61,10,61,0,0,0
168,15-Saravgyan,Saravgyan,150,"Omwati, Dinesh, Brijesh Kumar",Mahendra Parshad,Saravgyan,9641728718,Residential Self ,44,849,44,802,376,3408
169,15-Saravgyan,Saravgyan,151,"Mangesh Kumar, Narendra Kumar,
Rajesh Kumar",Jain Dass,Saravgyan,9587917281,Residential Self ,61,283,61,283,420,1940
170,15-Saravgyan,Saravgyan,152,Dinesh Jain,Mahendra Parshad Jain,Saravgyan,8791729579,Residential Self ,44,204,44,204,0,0
171,15-Saravgyan,Saravgyan,153,Dinesh Jain,Mahendra Parshad Jain,Saravgyan,8791729579,Residential Self ,0,0,0,0,0,0
172,15-Saravgyan,Saravgyan,154,"Mangesh Kumar, Narendra Kumar,
Rajesh Kumar",Jain Dass,Saravgyan,9368398172,Residential Self ,55,344,55,344,0,0
173,15-Saravgyan,Saravgyan,155,Digambar Jain Pathshala,-,Saravgyan,-,Privat School ,0,0,0,0,0,0
174,15-Saravgyan,Saravgyan,156,Ranjeet Singh,Hirdan Lal,Saravgyan,9412181781,Residential Self ,48,48,48,48,0,0
175,15-Saravgyan,Saravgyan,157,"Ved Parkash, Prem Chand",Jagdish Parshad,Saravgyan,9563817285,Residential Self ,48,48,48,48,0,0
176,15-Saravgyan,Saravgyan,158,"Shayam Lal, Kirshan Lal,
Radhe Shayam",Kashi Ram,Saravgyan,9639816387,Residential Self ,48,690,48,577,0,0
177,15-Saravgyan,Saravgyan,159,"Ranjeet Singh S/O Hirdan Lal,
Ved Parkash, Prem Chand S/O Jagdish Parshad,
Shayam Lal, Kirshan Lal Radhe Shayam S/O Kashi Ram",-,Saravgyan,9368816395,Residential Self ,31,31,0,0,0,0
178,15-Saravgyan,Saravgyan,160,Saroj Bala,W/O Prem Chand,Saravgyan,9729284184,Residential Self ,79,79,79,80,0,0
179,15-Saravgyan,Saravgyan,161,Yashoda Rani,W/O Ved Parkash,Saravgyan,-,Residential Self ,66,66,66,66,0,0
180,15-Saravgyan,Saravgyan,162,Subhash Chand,Padam Parshad,Saravgyan,9997166828,Residential Self ,48,1001,48,1064,372,5660
181,15-Saravgyan,Saravgyan,163,Badh Pipal Pujniya,-,Saravgyan,-,Temple,0,0,0,0,0,0
182,15-Saravgyan,Saravgyan,164,Bhushan Lal,Sadhu Ram,Saravgyan,9997966240,Residential Self ,75,78,75,75,345,345
183,15-Saravgyan,Saravgyan,165,Virendra  ,Shri Pal,Saravgyan,9359330428,Residential Self ,48,0,48,101,0,0
184,15-Saravgyan,Saravgyan,166,Devendra,Lalta Parshad,Saravgyan,7895647276,Residential Self ,44,0,44,204,0,0
185,15-Saravgyan,Saravgyan,166/1,Surendra Kumar,Lalta Parshad,Saravgyan,9997964062,Residential Self ,44,44,44,44,0,0
186,15-Saravgyan,Saravgyan,166/2,Anand Kumar,Lalta Parshad,Saravgyan,9997964062,Residential Self ,44,268,44,268,420,3840
187,15-Saravgyan,Saravgyan,167,Sanjay Kumar,Nirankar,Saravgyan,-,Residential Self ,44,339,44,339,0,0
188,15-Saravgyan,Saravgyan,168,Sohan Lal,Sadhu Ram,Saravgyan,9058340485,Residential Self ,55,55,55,55,0,0
189,15-Saravgyan,Saravgyan,168/1,Mohan Lal,Sadhu Ram,Saravgyan,9897156912,Residential Self ,61,1312,61,1331,359,3442
190,15-Saravgyan,Saravgyan,169,Rajiv Jain,Prem Chand,Saravgyan,8791729529,Residential Self ,182,0,182,0,0,0
191,15-Saravgyan,Saravgyan,170,Pawan Kumar Jain,Puran Chand,Saravgyan,-,Residential Self ,44,268,44,268,0,0
192,15-Saravgyan,Saravgyan,171,Virendra Kumar,Shri Pal,Saravgyan,9634785562,Residential Self ,330,330,330,330,90,390
193,15-Saravgyan,Saravgyan,172,"Jain Samaj Ko Daan De 
Diya Gaya",-,Saravgyan,-, -,0,0,0,0,0,0
194,15-Saravgyan,Saravgyan,173,"Bhushan Kumar S/O Shiv Parshad,
Pardeep Kumar S/O Mahaveer Parshad",-,Saravgyan,9359350528,Residential Self ,67,141,67,141,0,0
195,15-Saravgyan,Saravgyan,174,Prem Chand,Amba Parshad,Saravgyan,8435095997,Residential Self ,67,222,67,222,0,0
196,15-Saravgyan,Saravgyan,175,"Sushil Kumar,
Raj Rani W/O Sushil Kumar",Kamata Parshad,Saravgyan,9897593284,Residential Self ,48,112,48,0,372,0
197,15-Saravgyan,Saravgyan,176,Rakesh Kumar,Kunj Bihari,Saravgyan,9219688637,Residential Self ,44,44,44,44,0,0
198,15-Saravgyan,Saravgyan,177,Babita,W/O Parmod Kumar,Saravgyan,9588149343,Residential Self ,61,1312,61,1317,0,0
199,15-Saravgyan,Saravgyan,178,Digambar Jain Kanya Inter College,-,Saravgyan,-,Privat School ,0,0,0,0,420,6989
200,15-Saravgyan,Saravgyan,179,Surendra  ,Kunj Bihari,Saravgyan,9058785896,Residential Self ,77,0,77,0,0,0
201,15-Saravgyan,Saravgyan,179/1,Bijendra  ,Kunj Bihari,Saravgyan,9058785896,Residential Self ,44,44,44,44,376,376
202,15-Saravgyan,Saravgyan,180,Jhupad Sen,Parbhu Dayal,Saravgyan,8859639034,Residential Self ,97,930,97,748,323,1902
203,15-Saravgyan,Saravgyan,181,Bhagwati Parshad,Jhupad Sen,Saravgyan,8859639034,Residential Self ,73,563,73,563,0,0
204,15-Saravgyan,Saravgyan,182,Jhupad Dayal,Parbhu Dayal,Saravgyan,8859639063,Residential Self ,0,0,44,339,0,0
205,15-Saravgyan,Saravgyan,183,Afzal (Bhura),Sharif Ahamad,Saravgyan,9412581733,Residential Self ,61,202,61,202,0,0
206,15-Saravgyan,Saravgyan,184,Shanti Devi,W/O Jadho Ram,Saravgyan,9557130369,Residential Self ,73,241,73,241,420,2808
207,15-Saravgyan,Saravgyan,185,Sushil Kumar ,Malti Parshad,Saravgyan,9045618894,Residential Self ,55,0,55,0,365,24
208,15-Saravgyan,Saravgyan,186,Gulshan Rai,Deep Chand,Saravgyan,9557894562,Residential Self ,0,0,0,0,0,0
209,15-Saravgyan,Saravgyan,187,Rakesh Devi,-,Saravgyan,-,Residential Self ,36,1854,0,0,0,0
210,15-Saravgyan,Saravgyan,188,Seth Chand,Hazarimal,Saravgyan,-,Residential Self ,36,120,0,0,0,0
211,15-Saravgyan,Saravgyan,189,Nisha Jain,W/O Pardeep Jain,Saravgyan,8433099760,Commercial Self ,121,121,121,121,0,0
212,15-Saravgyan,Saravgyan,190,Nirmal Kumar Jain,Jyoti Parshad,Saravgyan,9027090472,Commercial Self ,61,0,61,0,0,0
213,15-Saravgyan,Saravgyan,190/1,Nirmal Kumar Jain,Jyoti Parshad,Saravgyan,9027090472,Commercial Self ,0,0,0,0,0,0
214,15-Saravgyan,Saravgyan,191,Raj Bala,Radhe Shayam Verma,Saravgyan,6398773899,Commercial Self ,73,73,73,73,0,0
215,15-Saravgyan,Saravgyan,192,Santosh Devi,W/O Lalit Kumar,Saravgyan,9058556164,Residential Self ,61,61,61,61,0,0
216,15-Saravgyan,Saravgyan,192/1,Santosh Devi,W/O Lalit Kumar,Saravgyan,9058556164,Residential Self ,0,0,0,0,0,0
217,15-Saravgyan,Saravgyan,193,Salochana Devi,W/O Salekh Chand,Saravgyan,-,Residential Self ,169,0,169,0,0,0
218,15-Saravgyan,Saravgyan,194,Salochana Devi,W/O Salekh Chand,Saravgyan,-,Residential Self ,0,0,0,0,0,0
219,15-Saravgyan,Saravgyan,195,Anand Parkash,Hukum Chand,Saravgyan,9528272701,Residential Self ,121,121,121,121,0,0
220,15-Saravgyan,Saravgyan,196,Anand Parkash,Hukum Chand,Saravgyan,9528272701,Residential Self ,44,44,44,44,0,0
221,15-Saravgyan,Saravgyan,197,Indra Sain,Ugrasen,Saravgyan,9760117378,Residential Self ,145,1244,144,4873,275,3916
222,15-Saravgyan,Saravgyan,198,Jinendra Kumar,Shri Pal,Saravgyan,-,Residential Self ,61,1317,61,1112,0,0
223,15-Saravgyan,Saravgyan,199,Roshan Lal,Ugrasen,Saravgyan,8923626500,Residential Self ,55,0,55,0,0,0
224,15-Saravgyan,Saravgyan,200,Jinendra  ,Shri Pal,Saravgyan,9634891256,Residential Self ,48,877,48,877,0,0
225,15-Saravgyan,Saravgyan,201,Ilam Chand,Umrao Singh,Saravgyan,8171513529,Residential Self ,48,0,48,0,0,0
226,15-Saravgyan,Saravgyan,202,Ilam Chand,Umrao Singh,Saravgyan,8171513529,Residential Self ,0,0,0,0,0,0
227,15-Saravgyan,Saravgyan,203,"Vikas Kumar,
Shashi Bala W/O Shri Chand",Shri Chand,Saravgyan,-,Residential Self ,0,0,0,0,0,0
228,15-Saravgyan,Saravgyan,204,Vikas Kumar ,Shri Chand,Saravgyan,-,Residential Self ,55,660,55,650,0,0
229,15-Saravgyan,Saravgyan,205,Indra Sen,Ugrasen,Saravgyan,8923626500,Residential Self ,264,10049,264,6152,0,0
230,15-Saravgyan,Saravgyan,206,Parmatma Sharan,Ugrasen,Saravgyan,8923626500,Residential Self ,31,1416,0,0,0,0
231,15-Saravgyan,Saravgyan,207,Chota Jain Mandir,-,Saravgyan,-,Temple,0,0,0,0,0,0
232,15-Saravgyan,Saravgyan,208,"Digambar Jain Tayagi
Bhawan",-,Saravgyan,-, -,0,0,0,0,0,0
233,15-Saravgyan,Saravgyan,209,Jain Dharamshala,-,Saravgyan,-, -,0,0,0,0,0,0
234,15-Saravgyan,Saravgyan,210,Lina Devi,W/O Ajay Kumar,Saravgyan,8899452369,Residential Self ,44,0,44,0,0,0
235,15-Saravgyan,Saravgyan,211,Jyoti,Chetan Lal,Saravgyan,8126880701,Residential Self ,121,121,121,121,299,0
236,15-Saravgyan,Saravgyan,211/1,Jyoti,Chetan Lal,Saravgyan,8126880701,Residential Self ,44,44,44,44,0,0
237,15-Saravgyan,Saravgyan,211/2,Manju Rani,W/O Narendra,Saravgyan,9719275547,Residential Self ,44,44,44,44,0,0
238,15-Saravgyan,Saravgyan,211/3,Suresh Kumar,Chetan Lal,Saravgyan,8126880701,Residential Self ,48,48,48,48,0,0
239,15-Saravgyan,Saravgyan,212,Dinesh Kumar,Mahendra Kumar  ,Saravgyan,8650907756,Residential Self ,48,0,48,2230,0,0
240,15-Saravgyan,Saravgyan,213,"Ved Parkash, Prem Chand",Jagdish Parshad,Saravgyan,-,Residential Self ,73,0,73,75,0,0
241,15-Saravgyan,Saravgyan,214,Aafak Ahamad,Ashfak,Saravgyan,9760788412,Residential Self ,48,0,48,1040,372,4880
242,15-Saravgyan,Saravgyan,215,Aafak Ahamad,Ashfak,Saravgyan,9760788412,Residential Self ,0,0,0,0,0,0
243,15-Saravgyan,Saravgyan,216,Sukhmal,Nathi Ram,Saravgyan,9045114445,Residential Self ,739,739,48,739,372,372
244,15-Saravgyan,Saravgyan,217,Niranjan,Maman,Saravgyan,9219789346,Residential Self ,55,0,55,1010,365,3594
245,15-Saravgyan,Saravgyan,218,Kirshan Kumar,Maman,Saravgyan,9219789346,Residential Self ,264,0,264,0,156,0
246,15-Saravgyan,Saravgyan,219,Talib,Mohd. Furkan,Saravgyan,9550802847,Residential Self ,0,0,0,0,420,0
247,15-Saravgyan,Saravgyan,220,"Aadesh, Satish",Digambar Chand,Saravgyan,-,Residential Self ,0,0,0,0,0,0
248,15-Saravgyan,Saravgyan,221,Mohd. Usman,Mohd. Ikbal,Saravgyan,8265805395,Residential Self ,48,370,48,659,0,0
249,15-Saravgyan,Saravgyan,222,Mohd. Shakib,Mohd. Furkan,Saravgyan,9997166855,Residential Self ,0,0,48,455,420,3240
250,15-Saravgyan,Saravgyan,223,Mohd. Rakib,Mohd. Furkan,Saravgyan,9997166855,Residential Self ,48,129,48,129,372,1800
251,15-Saravgyan,Saravgyan,223/1,Furkan,Inam Ilahi,Saravgyan,9997166855,Residential Self ,48,0,48,48,420,420
252,15-Saravgyan,Saravgyan,223/2,Furkan,Inam Ilahi,Saravgyan,9997166855,Residential Self ,0,0,0,0,0,0
253,15-Saravgyan,Saravgyan,224,Padam Parshad,Ameer Singh,Saravgyan,-,Residential Self ,85,0,85,0,335,0
254,15-Saravgyan,Saravgyan,225,Suresh (Chunni Lal),Narayan Singh,Saravgyan,9761722544,Residential Self ,121,0,121,2316,420,5724
255,15-Saravgyan,Saravgyan,225/1,"Babita Rani W/O Satish Kumar,
Vinod Kumar, Parmod Kumar, Manoj",Ram Singh,Saravgyan,-,Residential Self ,363,0,363,363,0,0
256,15-Saravgyan,Saravgyan,225/2,"Babita Rani W/O Satish Kumar,
Vinod Kumar, Parmod Kumar, Manoj",Ram Singh,Saravgyan,-,Residential Self ,0,0,0,0,0,0
257,15-Saravgyan,Saravgyan,225/3,"Babita Rani W/O Satish Kumar,
Vinod Kumar, Parmod Kumar, Manoj",Ram Singh,Saravgyan,-,Residential Self ,0,0,0,0,0,0
258,15-Saravgyan,Saravgyan,226,Jain Mandir Pooja Isthal,-,Saravgyan,-,Temple,0,0,0,0,0,0
259,15-Saravgyan,Saravgyan,227,Dhan Parkash,Rehtu Lal,Saravgyan,-,Residential Self ,0,0,0,0,420,4140
260,15-Saravgyan,Saravgyan,228,Deepak Kumar,Mahendra Kumar,Saravgyan,7017465213,Residential Self ,48,0,48,0,372,0
261,15-Saravgyan,Saravgyan,229,Jitendra,Ballumal,Saravgyan,8650907789,Residential Self ,0,1419,0,0,0,0
262,15-Saravgyan,Saravgyan,230,Munna Lal,Nem Chand,Saravgyan,9368140395,Commercial Self ,0,0,0,0,0,0
263,15-Saravgyan,Saravgyan,231,"Atul , Ajay",Amlok Chand,Saravgyan,9634008864,Residential Self ,73,0,73,0,420,1360
264,15-Saravgyan,Saravgyan,232,"Dhan Kumar, Deepak Kumar",Satya Kumar,Saravgyan,9058340485,Residential Self ,85,85,85,85,420,444
265,15-Saravgyan,Saravgyan,233,Kavar Sen,Nathumal Dass,Saravgyan,-,Residential Self ,61,61,61,61,420,1640
266,15-Saravgyan,Saravgyan,234,"Roop Chand, Prem Chand",Asaram,Saravgyan,8528212134,Residential Self ,44,802,44,1143,0,0
267,15-Saravgyan,Saravgyan,235,"Roop Chand, Prem Chand",Asaram,Saravgyan,8528212134,Residential Self ,44,1267,44,802,0,0
268,15-Saravgyan,Saravgyan,236,"Roop Chand, Prem Chand",Asaram,Saravgyan,8528212134,Residential Self ,44,1334,44,802,0,0
269,15-Saravgyan,Saravgyan,237,"Roop Chand, Prem Chand",Asaram,Saravgyan,8528212134,Residential Self ,44,44,44,417,420,2640
270,15-Saravgyan,Saravgyan,238,Islam ,Ibrahim,Saravgyan,8899402849,Residential Self ,48,223,48,223,0,0
271,15-Saravgyan,Saravgyan,239,"Bashiran W/O Akbar,
Afzal M/O Bashiran",Akbar,Saravgyan,9368638720,Residential Self ,48,48,48,48,420,420
272,15-Saravgyan,Saravgyan,240,Rekha Verma,W/O Ram Kumar Verma,Saravgyan,-,Residential Self ,581,6851,581,6851,0,0
273,15-Saravgyan,Saravgyan,240/1,Shashi Singhal,Narendra Kumar Singhal,Saravgyan,9917644575,Residential Self ,581,6851,581,6851,0,0
274,15-Saravgyan,Saravgyan,241,Sudha Rani,W/O Pardeep Kumar,Saravgyan,9917644575,Residential Self ,97,97,97,97,420,1074
275,15-Saravgyan,Saravgyan,242,Rajiv Kumar  ,Rameshwar Nath,Saravgyan,9760117873,Residential Self ,182,182,182,182,420,444
276,15-Saravgyan,Saravgyan,243,Amar Nath ,Laxmi Chand,Saravgyan,9997362043,Residential Self ,97,97,97,97,0,0
277,15-Saravgyan,Saravgyan,244,Rajiv Kumar,Munna Lal Jain,Saravgyan,7895878441,Residential Self ,182,0,182,0,0,0
278,15-Saravgyan,Saravgyan,245,Rashmi Jain,W/O Rajiv Kumar,Saravgyan,8791520105,Residential Self ,182,0,182,0,238,238
279,15-Saravgyan,Saravgyan,246,Nanak Chand ,Ballu Ram,Saravgyan,7895632569,Residential Self ,44,0,44,0,376,376
280,15-Saravgyan,Saravgyan,247,Israr Ahamad,Ashfak,Saravgyan,-,Residential Self ,0,0,0,0,420,2940
281,15-Saravgyan,Saravgyan,248,Israr Ahamad,Ashfak,Saravgyan,-,Residential Self ,0,0,0,0,0,0
282,15-Saravgyan,Saravgyan,249,Phool Chand,Agrasen,Saravgyan,9760688801,Residential Self ,145,145,145,145,0,0
283,15-Saravgyan,Saravgyan,250,Vijay Kumar ,Jiya Lal,Saravgyan,-,Residential Self ,0,0,0,0,0,0
284,15-Saravgyan,Saravgyan,251,Rashmi Jain,W/O Navin Chand Jain,Saravgyan,9634713041,Residential Self ,157,0,157,0,263,24
285,15-Saravgyan,Saravgyan,252,Jivendra Kumar,Shezad Rai,Saravgyan,9368130569,Residential Self ,80,80,80,80,0,0
286,15-Saravgyan,Saravgyan,253,Radhe Lal,Lacchi Ram,Saravgyan,8650905698,Residential Self ,48,48,48,48,0,0
287,15-Saravgyan,Saravgyan,254,Geeta Devi,W/O Ramesh Chand,Saravgyan,-,Residential Self ,44,204,47,222,376,1464
288,15-Saravgyan,Saravgyan,255,Ilam Chand,Umrao Singh,Saravgyan,-,Residential Self ,0,0,0,0,0,0
289,15-Saravgyan,Saravgyan,256,Virendra Kumar,Om Parkash,Saravgyan,9997023499,Residential Self ,145,145,145,145,275,299
290,15-Saravgyan,Saravgyan,257,Nem Chand,Ilam Chand,Saravgyan,9568106950,Residential Self ,426,0,462,0,0,0
291,15-Saravgyan,Saravgyan,258,"Suresh Rana, Hemchand",Ilam Chand,Saravgyan,9568106950,Residential Self ,61,0,61,0,0,0
292,15-Saravgyan,Saravgyan,259,Shanti Devi,Ilam Chand,Saravgyan,9568106950,Residential Self ,55,0,55,0,0,0
293,15-Saravgyan,Saravgyan,260,"Nem Chand, Naresh Chand",Ilam Chand,Saravgyan,9568106950,Residential Self ,55,0,55,0,0,0
294,15-Saravgyan,Saravgyan,261,Jay Parkash,Kedar Nath,Saravgyan,7351342133,Residential Self ,73,0,73,0,347,0
295,15-Saravgyan,Saravgyan,262,Urmila Devi,W/O Mahendra Kumar,Saravgyan,7570099337,Residential Self ,73,0,73,0,0,0
296,15-Saravgyan,Saravgyan,263,Saroj Goyal,W/O Ram Avtar Goyal,Saravgyan,8218510488,Residential Self ,55,1136,55,1007,420,3840
297,15-Saravgyan,Saravgyan,264,Saroj Goyal,W/O Ram Avtar Goyal,Saravgyan,8218510488,Residential Self ,85,1549,85,1559,0,0
298,15-Saravgyan,Saravgyan,265,Trishala,W/O Ajay Kumar,Saravgyan,-,Residential Self ,165,165,165,165,0,0
299,15-Saravgyan,Saravgyan,266,Trilok Chand,Amrat Lal,Saravgyan,9627193879,Commercial Self ,145,145,145,145,275,323
300,15-Saravgyan,Saravgyan,267,Rajendra Kumar,Trilok Chand,Saravgyan,9012444709,Residential Self ,97,4969,97,4969,0,0
301,15-Saravgyan,Saravgyan,267/1,Neeru Goyal,W/O Raj Kumar,Saravgyan,9368857616,Residential Self ,48,0,48,0,420,0
302,15-Saravgyan,Saravgyan,268,Jay Bhagwan,Kedar Nath,Saravgyan,7037180066,Commercial Self ,44,0,44,0,0,0
303,15-Saravgyan,Saravgyan,269,Ram Kumar Gupta,Roop Chand,Saravgyan,9997665154,Residential Self ,200,200,353,552,0,0
304,15-Saravgyan,Saravgyan,270,Raj Kumar,Roop Chand,Saravgyan,9997665154,Commercial Self ,48,48,48,0,0,0
305,15-Saravgyan,Saravgyan,271,Trilok Chand,Amarat Lal,Saravgyan,9012444709,Residential Self ,73,5209,73,3733,0,0
306,15-Saravgyan,Saravgyan,272,Ratan Lal,Badri Parshad,Saravgyan,-,Residential Self ,73,8600,73,5387,0,0
307,15-Saravgyan,Saravgyan,273,Sandeep Kumar,Surendra Kumar,Saravgyan,9997523171,Residential Self ,182,0,182,0,0,0
308,15-Saravgyan,Saravgyan,274,Jay Bhagwan,Kedar Nath,Saravgyan,7037180066,Residential Self ,61,0,61,0,0,0
309,15-Saravgyan,Saravgyan,275,Rajendra  ,Trilok Chand,Saravgyan,9012444709,Residential Self ,73,1005,73,1005,0,0
310,15-Saravgyan,Saravgyan,276,Kirshan Lal,Banarsi Dass,Saravgyan,9997696802,Residential Self ,61,372,61,372,0,0
311,15-Saravgyan,Saravgyan,277,Bina,Anil Kumar,Saravgyan,9997696802,Commercial Self ,145,886,145,886,0,0
312,15-Saravgyan,Saravgyan,277/1,Mamta,Deepak Kumar,Saravgyan,9997696802,Commercial Self ,3960,19821,3960,18379,0,0
313,15-Saravgyan,Saravgyan,278,Sunil Kumar,Shayam Lal,Saravgyan,9528027273,Residential Self ,48,370,48,370,0,0
314,15-Saravgyan,Saravgyan,279,Ram Dass,Ajit Parshad,Saravgyan,9368638720,Commercial Self ,44,699,44,699,0,0
315,15-Saravgyan,Saravgyan,280,Anand Parkash,Hukum Chand,Saravgyan,9528027271,Commercial Self ,73,73,73,0,0,0
316,15-Saravgyan,Saravgyan,281,Anand Parkash,Hukum Chand,Saravgyan,9528027271,Commercial Self ,220,220,220,0,0,0
317,15-Saravgyan,Saravgyan,282,Radhe Shayam,Sat Parkash,Saravgyan,9897599032,Commercial Self ,121,161,121,0,299,0
318,15-Saravgyan,Saravgyan,283,Virendra,Shri Pal,Saravgyan,9368638720,Commercial Self ,152,747,152,728,0,0
319,15-Saravgyan,Saravgyan,284,Rajesh Kumar,Mangat Ram,Saravgyan,7217580015,Commercial Self ,43,199,43,199,0,0
320,15-Saravgyan,Saravgyan,285,Rajiv Kumar,Rajesh Kumar,Saravgyan,9719270255,Commercial Self ,48,223,48,370,0,0
321,15-Saravgyan,Saravgyan,286,Rajesh Kumar,Mangat Ram,Saravgyan,9412587550,Commercial Self ,88,538,97,450,0,0
322,15-Saravgyan,Saravgyan,287,"Mohd. Akram, Aslam, 
Mukarram",Salamatulla,Saravgyan,9412638684,Commercial Self ,275,911,275,911,0,0
323,15-Saravgyan,Saravgyan,288,Padhuman Kumar,Ram Dass,Saravgyan,9719277685,Commercial Self ,45,0,45,0,0,0
324,15-Saravgyan,Saravgyan,"289,
290",Santosh Jain,W/O Lalit Jain,Saravgyan,8859450119,Commercial Self ,0,0,0,238,420,4140
325,15-Saravgyan,Saravgyan,291,Munna Lal,Nem Chand,Saravgyan,9045839171,Commercial Self ,44,0,48,0,0,0
326,15-Saravgyan,Saravgyan,292,"Mukarram,
Kashiran W/O Salamatulla",Salamatulla,Saravgyan,9045839171,Commercial Self ,44,0,48,0,0,0
327,15-Saravgyan,Saravgyan,293,"Mukarram,
Kashiran W/O Salamatulla",Salamatulla,Saravgyan,9045839171,Commercial Self ,0,0,0,0,0,0
328,15-Saravgyan,Saravgyan,294,"Mohd. Anwar Ahamad, Mohd. Akram,
Mohd. Aslam",Salamatulla,Saravgyan,9760788684,Commercial Self ,110,364,121,400,0,0
329,15-Saravgyan,Saravgyan,295,Hanifa,W/O Haneef,Saravgyan,7520178882,Commercial Self ,440,2686,220,0,0,0
330,15-Saravgyan,Saravgyan,296,Mohd. Ikram,Mehmood Hasan,Saravgyan,7520178882,Commercial Self ,220,0,220,0,0,0
331,15-Saravgyan,Saravgyan,297,Haji Rafik,Shafik,Saravgyan,9897794059,Commercial Self ,55,0,55,0,0,0
332,15-Saravgyan,Saravgyan,298,"Haji Irshad, Harun",Haji Rafik,Saravgyan,9897794059,Commercial Self ,73,153,73,153,0,0
333,15-Saravgyan,Saravgyan,299,"Haji Irshad, Harun",Haji Rafik,Saravgyan,9897794059,Residential Self ,48,101,48,101,0,0
334,15-Saravgyan,Saravgyan,300,Fayyaz,Hameed,Saravgyan,-,Commercial Self ,218,2026,218,10075,0,0
335,15-Saravgyan,Saravgyan,301,Hakim Wakil Ahamad,Allah Banda,Saravgyan,9897782243,Commercial Self ,660,0,660,6232,0,0
336,15-Saravgyan,Saravgyan,302,Urmila Devi,W/O Prem Chand,Saravgyan,9027379041,Commercial Self ,67,1455,67,1455,0,0
337,15-Saravgyan,Saravgyan,303,"Mehboob,
Batool W/O Mehboob",Noor Mohammad,Saravgyan,-,Commercial Self ,85,85,85,85,0,0
338,15-Saravgyan,Saravgyan,304,"Mohd. Naeem, Mohd. Nadeem",Abdul Latif,Saravgyan,8273965155,Commercial Self ,121,738,121,738,0,0
339,15-Saravgyan,Saravgyan,305,Piyau Pani Ka,-,Saravgyan,-, -,0,0,0,0,0,0
340,15-Saravgyan,Saravgyan,306,Premchand,Asaram,Saravgyan,-,Commercial Self ,198,4892,198,4640,0,0
341,15-Saravgyan,Saravgyan,307,Kafiya Begam,W/O Irshad,Saravgyan,9759998397,Residential Self ,73,3733,73,3733,0,0
342,15-Saravgyan,Saravgyan,308,Irshad,Subarati,Saravgyan,9759998397,Residential Self ,48,0,48,0,0,0
343,15-Saravgyan,Saravgyan,309,"Ramesh Chand, Vijay,
Anil",Manohar Lal,Saravgyan,9759998397,Residential Self ,85,0,85,0,0,0
344,15-Saravgyan,Saravgyan,310,Firdosh,W/O Idreesh,Saravgyan,8439993987,Residential Self ,48,0,48,0,0,0
345,15-Saravgyan,Saravgyan,311,"Idreesh, Ateek",Latif,Saravgyan,8439993987,Residential Self ,61,0,61,0,359,0
346,15-Saravgyan,Saravgyan,312,Bhushan Kumar  ,Shiv Parshad,Saravgyan,9897733589,Commercial Self ,44,0,44,0,0,0
347,15-Saravgyan,Saravgyan,313,Anwar,Akram,Saravgyan,9997410852,Commercial Self ,121,254,121,492,0,0
348,15-Saravgyan,Saravgyan,314,"Aslam, Aazam",Mohd. Taqi,Saravgyan,9368333763,Commercial Self ,97,592,97,592,0,0
349,15-Saravgyan,Saravgyan,"315.
316","Dhan Kumar, Deepak Kumar",Sant Kumar,Saravgyan,9368496502,Commercial Self ,61,61,61,61,0,0
350,15-Saravgyan,Saravgyan,317,Munna Lal,Nem Chand,Saravgyan,8899493897,Commercial Self ,61,202,67,222,0,0
351,15-Saravgyan,Saravgyan,318,Munna Lal,Nem Chand,Saravgyan,8899493897,Residential Self ,12,254,0,0,0,0
352,15-Saravgyan,Saravgyan,319,Andlip W/O Mehboob,Mehboob S/O Maksud,Saravgyan,-,Commercial Self ,97,0,97,0,323,0
353,15-Saravgyan,Saravgyan,320,"Ved Parkash, Prem Chand",Jagdish Parshad,Saravgyan,9634496390,Commercial Self ,152,152,152,152,0,0
354,15-Saravgyan,Saravgyan,321,"Ved Parkash, Prem Chand",Jagdish Parshad,Saravgyan,9634496390,Residential Self ,44,44,44,44,0,0
355,15-Saravgyan,Saravgyan,322,Shamim Bano,W/O Haji Kamil,Saravgyan,9897871958,Commercial Self ,242,508,242,508,0,0
356,15-Saravgyan,Saravgyan,323,Reshma,W/O Shah Ilahi,Saravgyan,9897232724,Commercial Self ,61,61,61,61,0,0
357,15-Saravgyan,Saravgyan,"324.
325",Naseem Ahamad,Mohd. Yamin,Saravgyan,9068445569,Commercial Self ,85,85,85,85,0,0
358,15-Saravgyan,Saravgyan,326,Mangta,Rafi,Saravgyan,9536399168,Commercial Self ,169,0,169,0,0,0
359,15-Saravgyan,Saravgyan,327,Jamil,Bashir Ahamad,Saravgyan,8360138669,Commercial Self ,121,4465,121,5033,0,0
360,15-Saravgyan,Saravgyan,328,Shan Ilahi,Mohd. Aslam,Saravgyan,9927862381,Commercial Self ,67,0,67,0,0,0
361,15-Saravgyan,Saravgyan,329,Mohd.Harun,Mohd.Yasin,Saravgyan,9639835239,Commercial Self ,61,0,61,0,0,0
362,15-Saravgyan,Saravgyan,330,"Anuj, Alok",Mohan Lal,Saravgyan,8868072786,Commercial Self ,48,101,48,101,0,0
363,15-Saravgyan,Saravgyan,331,"Rashid, Sajid",Haneef,Saravgyan,8868072786,Commercial Self ,133,283,133,279,0,0
364,15-Saravgyan,Saravgyan,332,"Naseem, Babu",Nazir Hasan,Saravgyan,9368670960,Commercial Self ,73,1771,73,1763,0,0
365,15-Saravgyan,Saravgyan,333,Noshad,Mehmood  ,Saravgyan,7500178882,Commercial Self ,2000,12210,2000,12210,372,1800
366,15-Saravgyan,Saravgyan,334,Noshad,Mehmood,Saravgyan,7500178882,Commercial Self ,0,0,0,0,0,0
367,15-Saravgyan,Saravgyan,335,Noshad,Mehmood,Saravgyan,7500178882,Commercial Self ,0,0,0,0,0,0
368,15-Saravgyan,Saravgyan,336,Khalil Ahmad Ansari,Abdul Ajij Ansari,Saravgyan,7417711568,Commercial Self ,48,455,48,455,0,0
369,15-Saravgyan,Saravgyan,337,Bashir Ahamad,Shafik Ahamad,Saravgyan,9358372415,Commercial Self ,121,0,121,0,0,0
370,15-Saravgyan,Saravgyan,338,Bashir Ahamad,Shafik,Saravgyan,9358372415,Commercial Self ,78,0,79,0,342,0
371,15-Saravgyan,Saravgyan,"339,
340",Israr  ,Zinda,Saravgyan,9412355829,Commercial Self ,242,8008,242,15096,0,0
372,15-Saravgyan,Saravgyan,341,Habiba Khatun,W/O Abdul Kadir,Saravgyan,7417197117,Commercial Self ,132,132,145,145,275,275
373,15-Saravgyan,Saravgyan,342,Habiba Khatun,W/O Abdul Kadir,Saravgyan,7417197117,Commercial Self ,198,198,218,218,0,0
374,15-Saravgyan,Saravgyan,343,Tahir Hasan,Saeed Ahamad,Saravgyan,6397065883,Commercial Self ,55,55,61,61,0,0
375,15-Saravgyan,Saravgyan,344,"Haji Irshad, Harun",Haji Rafeek,Saravgyan,9548894627,Commercial Self ,77,1077,85,2054,0,0
376,15-Saravgyan,Saravgyan,345,"Dilshad, Ahasan",Naseem,Saravgyan,9045114544,Commercial Self ,99,1383,109,2645,0,0
377,15-Saravgyan,Saravgyan,346,"Mohd.Ahsan,Mohd. Irfan",Abdul Khalik,Saravgyan,9550814728,Commercial Self ,539,17600,532,1793,0,0
378,15-Saravgyan,Saravgyan,347,"Akbar, Shakeel, Akhtar, Wakil,
Waseel",Asgar,Saravgyan,9045285000,Residential Self ,66,66,73,73,347,347
379,15-Saravgyan,Saravgyan,348,"Akbar, Shakeel, Akhtar, Wakil,
Waseel",Asgar,Saravgyan,9045285000,Commercial Self ,2400,2400,2640,2640,0,0
380,15-Saravgyan,Saravgyan,349,"Akbar, Shakeel, Akhtar, Wakil,
Waseel",Asgar,Saravgyan,9045285000,Commercial Self ,55,55,61,61,0,0
381,15-Saravgyan,Saravgyan,350,"Akbar, Shakeel, Akhtar, Wakil,
Waseel",Asgar,Saravgyan,9045285000,Commercial Self ,61,61,61,61,0,0
382,15-Saravgyan,Saravgyan,351,Milkiyat Jama Masjid,-,Saravgyan,8791731206,Commercial Self ,73,0,73,0,347,3552
383,15-Saravgyan,Saravgyan,352,Milkiyat Jama Masjid,-,Saravgyan,9997674025,Commercial Self ,268,269,268,269,0,0
384,15-Saravgyan,Saravgyan,353,Milkiyat Jama Masjid,-,Saravgyan,8755303519,Commercial Self ,268,268,268,268,0,0
385,15-Saravgyan,Saravgyan,354,Milkiyat Jama Masjid,-,Saravgyan,9973577449,Commercial Self ,268,0,268,0,0,0
386,15-Saravgyan,Saravgyan,355,Milkiyat Jama Masjid,-,Saravgyan,-,Commercial Self ,268,563,268,563,0,0
387,15-Saravgyan,Saravgyan,356,Sharif,Nanha,Saravgyan,8433099759,Residential Self ,121,255,121,1147,0,0
388,15-Saravgyan,Saravgyan,357,Bashiran  ,W/O Rafik,Saravgyan,8076523785,Residential Self ,46,2362,46,2362,420,7044
389,15-Saravgyan,Saravgyan,358,Sharif,Nanha,Saravgyan,8076523785,Residential Self ,48,48,48,48,420,8484
390,15-Saravgyan,Saravgyan,359,Rasheed,Abdul Rehman,Saravgyan,8076523785,Residential Self ,48,1306,48,1306,0,0
391,15-Saravgyan,Saravgyan,360,Naseem,Saddik,Saravgyan,-,Residential Self ,61,1272,61,1272,420,7893
392,15-Saravgyan,Saravgyan,361,"Akbar, Asgar",Imamudeen,Saravgyan,9997786952,Residential Self ,44,44,44,44,0,0
393,15-Saravgyan,Saravgyan,362,Yasin,Rahim Baksh,Saravgyan,-,Residential Self ,61,3035,61,3516,359,3432
394,15-Saravgyan,Saravgyan,363,Shabbeer,Batti,Saravgyan,9045387038,Residential Self ,44,2047,44,1033,376,7045
395,15-Saravgyan,Saravgyan,364,Kamil,Batti,Saravgyan,9045387038,Residential Self ,44,722,44,802,0,0
396,15-Saravgyan,Saravgyan,365,Yasin,Sabeer Ahmad,Saravgyan,9588144393,Residential Self ,48,159,48,159,372,1448
397,15-Saravgyan,Saravgyan,366,Batool,Saleem,Saravgyan,-,Open Plot ,396,11398,396,9277,0,0
398,15-Saravgyan,Saravgyan,367,Tohfik Ahamad,Rafik Ahamad,Saravgyan,9219683786,Open Plot ,44,0,44,0,0,0
399,15-Saravgyan,Saravgyan,368,Saddik,Mohammad,Saravgyan,-,Residential Self ,44,0,44,0,420,44
400,15-Saravgyan,Saravgyan,369,Rafeek ,Bundu,Saravgyan,9219683786,Residential Self ,55,0,55,0,365,0
401,15-Purana Bazar,Purana Bazar,370,Manager Milkiyat Jama Masjid,-,Purana Bazar,9045232053,Commercial Self ,545,2531,545,2531,0,0
402,15-Purana Bazar,Purana Bazar,371,Manager Milkiyat Jama Masjid,-,Purana Bazar,9528656779,Commercial Self ,220,1021,220,1021,0,0
403,15-Purana Bazar,Purana Bazar,372,Mazar Peer Baba,-,Purana Bazar,-,Majar,0,0,0,0,0,0
404,15-Purana Bazar,Purana Bazar,373,Manager Milkiyat Jama Masjid,-,Purana Bazar,9219683786,Commercial Self ,268,0,268,0,0,0
405,15-Purana Bazar,Purana Bazar,374,Manager Milkiyat Jama Masjid,-,Purana Bazar,9219683786,Commercial Self ,290,0,290,0,0,0
406,15-Purana Bazar,Purana Bazar,374/1,Manager Milkiyat Jama Masjid,-,Purana Bazar,9761939304,Commercial Self ,290,609,290,2238,0,0
407,15-Purana Bazar,Purana Bazar,374/2,Manager Milkiyat Jama Masjid,-,Purana Bazar,7252974291,Commercial Self ,2640,61850,2640,618850,0,0
408,15-Purana Bazar,Purana Bazar,374/3,Manager Milkiyat Jama Masjid,-,Purana Bazar,7252974291,Commercial Self ,2640,61850,2640,50061,0,0
409,15-Purana Bazar,Purana Bazar,375,Manager Milkiyat Jama Masjid,-,Purana Bazar,9368140396,Commercial Self ,436,436,436,436,0,0
410,15-Purana Bazar,Purana Bazar,376,Manager Milkiyat Jama Masjid,-,Purana Bazar,9045114546,Commercial Self ,218,218,218,218,0,0
411,15-Purana Bazar,Purana Bazar,377,Manager Milkiyat Jama Masjid,-,Purana Bazar,7895790910,Commercial Self ,327,327,327,327,0,0
412,15-Purana Bazar,Purana Bazar,378,Manager Milkiyat Jama Masjid,-,Purana Bazar,9758815573,Commercial Self ,349,349,349,349,0,0
413,15-Purana Bazar,Purana Bazar,379,Manager Milkiyat Jama Masjid,-,Purana Bazar,9897582066,Commercial Self ,700,0,700,0,0,0
414,15-Purana Bazar,Purana Bazar,380,Manager Milkiyat Jama Masjid,-,Purana Bazar,7500218786,Commercial Self ,268,268,268,268,0,0
415,15-Purana Bazar,Purana Bazar,381,Manager Milkiyat Jama Masjid,-,Purana Bazar,7217581500,Commercial Self ,268,268,268,268,0,0
416,15-Purana Bazar,Purana Bazar,381/1,Manager Milkiyat Jama Masjid,-,Purana Bazar,-, -,268,13360,268,17922,0,0
417,15-Purana Bazar,Purana Bazar,381/2,Manager Milkiyat Jama Masjid,-,Purana Bazar,-, -,268,268,268,268,0,0
418,15-Purana Bazar,Purana Bazar,382,Manager Milkiyat Jama Masjid,-,Purana Bazar,-,Commercial Self ,218,2512,218,5534,0,0
419,15-Purana Bazar,Purana Bazar,383,Manager Milkiyat Jama Masjid,-,Purana Bazar,-,Commercial Self ,0,0,0,0,0,0
420,15-Purana Bazar,Purana Bazar,384,Manager Milkiyat Jama Masjid,-,Purana Bazar,9997381754,Commercial Self ,218,4949,218,4949,0,0
421,15-Purana Bazar,Purana Bazar,385,Manager Milkiyat Jama Masjid,-,Purana Bazar,8859451901,Commercial Self ,218,458,218,4713,0,0
422,15-Purana Bazar,Purana Bazar,386,Manager Milkiyat Jama Masjid,-,Purana Bazar,-,Commercial Self ,254,254,254,254,0,0
423,15-Purana Bazar,Purana Bazar,387,Manager Milkiyat Jama Masjid,-,Purana Bazar,7217581500,Commercial Self ,327,327,327,327,0,0
424,15-Purana Bazar,Purana Bazar,388,Manager Milkiyat Jama Masjid,-,Purana Bazar,9719275502,Commercial Self ,121,121,121,121,0,0
425,15-Purana Bazar,Purana Bazar,389,Manager Milkiyat Jama Masjid,-,Purana Bazar,-,Commercial Self ,436,917,436,917,0,0
426,15-Purana Bazar,Purana Bazar,390,Manager Milkiyat Jama Masjid,-,Purana Bazar, -, -,0,1718,0,0,0,0
427,15-Purana Bazar,Purana Bazar,391,"Masjid Ibadat Gha Jama
Masjid",-,Purana Bazar,-,Mosque,0,0,0,0,0,0
428,15-Purana Bazar,Purana Bazar,392,Milkiyat Jama Masjid,-,Purana Bazar,9084818169,Commercial Self ,145,145,145,145,420,420
429,15-Purana Bazar,Purana Bazar,393,Milkiyat Jama Masjid,-,Purana Bazar,9368632087,Commercial Self ,242,242,242,242,0,0
430,15-Purana Bazar,Purana Bazar,394,Milkiyat Jama Masjid,-,Purana Bazar,9897593290,Commercial Self ,97,97,97,97,0,0
431,15-Purana Bazar,Purana Bazar,395,Milkiyat Jama Masjid,-,Purana Bazar,9368140396,Commercial Self ,440,1509,440,440,0,0
432,15-Purana Bazar,Purana Bazar,396,Saeeda Begam,W/O Yamin,Purana Bazar,9997166828,Commercial Self ,220,0,220,0,0,0
433,15-Purana Bazar,Purana Bazar,397,Rasta Jama Masjid,-,Purana Bazar,-,-,0,0,0,0,0,0
434,15-Purana Bazar,Purana Bazar,398,Chota,Fayyaz,Purana Bazar,9997166828,Commercial Self ,97,97,97,97,420,420
435,15-Purana Bazar,Purana Bazar,399,Mohd. Yamin,Habib Ahamad,Purana Bazar,7060880245,Commercial Self ,110,0,110,0,0,0
436,15-Purana Bazar,Purana Bazar,400,Latif,Rafik  ,Purana Bazar,-,Commercial Self ,97,2344,97,2344,0,0
437,15-Purana Bazar,Purana Bazar,401,Shamim  ,Mehmood Hasan,Purana Bazar,-,Commercial Self ,79,930,79,930,0,0
438,15-Purana Bazar,Purana Bazar,402,Shamim,Mehmood Hasan,Purana Bazar,-,Commercial Self ,79,1469,79,1467,0,0
439,15-Purana Bazar,Purana Bazar,403,Shamim,Mehmood Hasan,Purana Bazar,-,Commercial Self ,85,4352,85,4352,0,0
440,15-Purana Bazar,Purana Bazar,404,Shamim,Mehmood Hasan,Purana Bazar,-,Commercial Self ,0,0,0,0,0,0
441,15-Purana Bazar,Purana Bazar,405,Jamil Ahamad,Almudeen,Purana Bazar,8265809553,Commercial Self ,145,145,145,145,0,0
442,15-Purana Bazar,Purana Bazar,406,Jamil Ahamad,Almudeen,Purana Bazar,8265809553,Commercial Self ,363,3564,363,5764,0,0
443,15-Purana Bazar,Purana Bazar,407,Jamil Ahamad,Almudeen,Purana Bazar,8265809553,Commercial Self ,121,121,121,121,0,0
444,15-Purana Bazar,Purana Bazar,408,Akhtari,W/O Niyaz,Purana Bazar,-,Open Plot ,0,0,0,0,0,0
445,15-Purana Bazar,Purana Bazar,409,Akhtari,W/O Niyaz,Purana Bazar,-,Open Plot ,218,0,218,0,0,0
446,15-Purana Bazar,Purana Bazar,410,Saleem,Abdul Gafur,Purana Bazar,-,Residential Self ,61,61,61,1860,0,0
447,15-Purana Bazar,Purana Bazar,411,Muzaffer Ali,Ayezaz,Purana Bazar,7895647672,Commercial Self ,88,88,88,88,0,0
448,15-Purana Bazar,Purana Bazar,412,Raheem,Sizaul Haq,Purana Bazar,9897586931,Residential Self ,169,169,169,169,0,0
449,15-Purana Bazar,Purana Bazar,413,Mohd.Shokin,Shokat,Purana Bazar,-,Commercial Self ,61,128,61,1280,359,957
450,15-Purana Bazar,Purana Bazar,414,Noor Mohammad,Sazaul,Purana Bazar,-, -,218,5276,218,5275,202,2036
451,15-Purana Bazar,Purana Bazar,415,Akhtari,W/O Niyaz,Purana Bazar,7505653854,Commercial Self ,145,0,145,0,0,0
452,15-Purana Bazar,Purana Bazar,416,Akhtari,W/O Niyaz,Purana Bazar,7505653854,Commercial Self ,44,0,44,0,0,0
453,15-Purana Bazar,Purana Bazar,417,Akhtari ,W/O Niyaz,Purana Bazar,7505653854,Residential Self ,97,0,97,0,420,0
454,15-Purana Bazar,Purana Bazar,418,Raees Ahamad,Latif,Purana Bazar,8755986280,Residential Self ,61,128,61,128,359,718
455,15-Purana Bazar,Purana Bazar,419,Anees,Latif,Purana Bazar,9045191095,Residential Self ,61,470,61,470,359,1974
456,15-Purana Bazar,Purana Bazar,420,Ameer Ahamad,Latif,Purana Bazar,9359352804,Residential Self ,61,0,61,0,359,0
457,15-Purana Bazar,Purana Bazar,421,Salim,Janni,Purana Bazar,7500286397,Residential Self ,55,256,55,256,0,0
458,15-Purana Bazar,Purana Bazar,422,Intazar,Nazeer,Purana Bazar,7017042581,Residential Self ,61,128,61,128,359,718
459,15-Purana Bazar,Purana Bazar,423,Intazar,Gafur,Purana Bazar,7017042581,Open Plot ,48,101,48,101,372,2052
460,15-Purana Bazar,Purana Bazar,424,Ameer Ahamad,Latif Ahamad,Purana Bazar,9359332804,Residential Self ,220,0,220,0,0,0
461,15-Purana Bazar,Purana Bazar,425,Ameer Ahamad,Latif Ahamad,Purana Bazar,9359332804,Residential Self ,220,0,220,0,0,0
462,15-Purana Bazar,Purana Bazar,426,Muzaffer Ali,Ayezaz,Purana Bazar,7895647672,Residential Self ,66,66,66,66,420,420
463,15-Purana Bazar,Purana Bazar,427,Rashida Begam,W/O Karimudeen,Purana Bazar,9690178094,Commercial Self ,0,0,0,0,420,420
464,15-Purana Bazar,Purana Bazar,427/1,Rashida Begam,W/O Karimudeen,Purana Bazar,9690178094,Residential Self ,0,0,0,0,0,0
465,15-Purana Bazar,Purana Bazar,428,Latif,Rafeek,Purana Bazar,-,-,0,0,0,0,0,0
466,15-Purana Bazar,Purana Bazar,429,Ahsan,Shera,Purana Bazar,9873037400,Commercial Self ,121,2929,121,2929,420,1240
467,15-Purana Bazar,Purana Bazar,430,Inam ,Shera,Purana Bazar,9873037400,Commercial Self ,220,462,220,462,0,0
468,15-Purana Bazar,Purana Bazar,431,Inam ,Shera,Purana Bazar,9873037400,Commercial Self ,220,462,220,1718,0,0
469,15-Purana Bazar,Purana Bazar,432,"Chunnu , Fazil",Saddik,Purana Bazar,8218647725,Residential Self ,48,101,48,101,420,840
470,15-Purana Bazar,Purana Bazar,433,"Chunnu , Fazil",Saddik,Purana Bazar,8218647725,Commercial Self ,48,101,48,101,0,0
471,15-Purana Bazar,Purana Bazar,434,"Ameer Ahamad, Tanveer Ahamad",Raees Ahamad,Purana Bazar,9837151620,Commercial Self ,121,121,121,101,0,0
472,15-Purana Bazar,Purana Bazar,435,Tahir  ,Feyyaz,Purana Bazar,9634731237,Commercial Self ,73,153,73,1763,0,0
473,15-Purana Bazar,Purana Bazar,436,Tahir,Feyyaz,Purana Bazar,9634731237,Open Plot ,0,0,0,0,0,0
474,15-Purana Bazar,Purana Bazar,437,Latif,Rafik,Purana Bazar,8273679026,Residential Self ,73,1763,73,1763,347,3532
475,15-Purana Bazar,Purana Bazar,438,Manager Jama Masjid,-,Purana Bazar,9997873077,Commercial Self ,305,305,305,305,115,4115
476,15-Purana Bazar,Purana Bazar,439,Manager Jama Masjid,-,Purana Bazar,9997873077,Commercial Self ,305,305,305,305,0,0
477,15-Purana Bazar,Purana Bazar,440,Manager Jama Masjid,-,Purana Bazar,9997658050,Commercial Self ,73,153,73,153,0,0
478,15-Purana Bazar,Purana Bazar,441,Manager Jama Masjid,-,Purana Bazar,9897942024,Commercial Self ,182,10272,182,8539,0,0
479,15-Purana Bazar,Purana Bazar,442,Manager Jama Masjid,-,Purana Bazar,8439940914,Commercial Self ,97,204,97,204,0,0
480,15-Purana Bazar,Purana Bazar,442/1,Manager Jama Masjid,-,Purana Bazar,8439940914,Commercial Self ,97,204,97,204,0,0
481,15-Purana Bazar,Purana Bazar,443,Milkiyat Jama Masjid,-,Purana Bazar,9358536393,Commercial Self ,182,8403,182,8405,0,0
482,15-Purana Bazar,Purana Bazar,443/1,Milkiyat Jama Masjid,-,Purana Bazar,9997658050,Commercial Self ,73,153,73,153,0,0
483,15-Purana Bazar,Purana Bazar,444,Milkiyat Jama Masjid,-,Purana Bazar,9219683786,Commercial Self ,182,0,182,0,0,0
484,15-Purana Bazar,Purana Bazar,444/1,Milkiyat Jama Masjid,-,Purana Bazar,9997650050,Commercial Self ,182,382,182,382,0,0
485,15-Purana Bazar,Purana Bazar,444/2,Milkiyat Jama Masjid,-,Purana Bazar,-,Commercial Self ,182,382,182,382,0,0
486,15-Purana Bazar,Purana Bazar,444/3,Milkiyat Jama Masjid,-,Purana Bazar,-,Commercial Self ,182,182,182,182,0,0
487,15-Purana Bazar,Purana Bazar,444/4,Milkiyat Jama Masjid,-,Purana Bazar,-,Commercial Self ,182,182,182,182,0,0
488,15-Purana Bazar,Purana Bazar,444/5,Milkiyat Jama Masjid,-,Purana Bazar,-,Commercial Self ,182,182,182,182,0,0
489,15-Purana Bazar,Purana Bazar,445,Milkiyat Jama Masjid,-,Purana Bazar,9319931901,Commercial Self ,182,3799,182,4177,0,0
490,15-Purana Bazar,Purana Bazar,445/1,Milkiyat Jama Masjid,-,Purana Bazar,9068661331,Commercial Self ,182,182,182,182,0,0
491,15-Purana Bazar,Purana Bazar,446,Milkiyat Jama Masjid,-,Purana Bazar,9068661331,Commercial Self ,182,9410,182,6964,0,0
492,15-Purana Bazar,Purana Bazar,447,Milkiyat Jama Masjid,-,Purana Bazar,8267888280,Commercial Self ,182,4318,182,2894,0,0
493,15-Purana Bazar,Purana Bazar,447/1,Milkiyat Jama Masjid,-,Purana Bazar,8979612931,Commercial Self ,121,6203,121,6204,0,0
494,15-Purana Bazar,Purana Bazar,447/2,Milkiyat Jama Masjid,-,Purana Bazar,-,Commercial Self ,121,1828,121,254,0,0
495,15-Purana Bazar,Purana Bazar,447/3,Milkiyat Jama Masjid,-,Purana Bazar,-,-,0,0,0,0,0,0
496,15-Purana Bazar,Purana Bazar,447/4,Milkiyat Jama Masjid,-,Purana Bazar,-,-,0,0,0,0,0,0
497,15-Purana Bazar,Purana Bazar,447/5,Milkiyat Jama Masjid,-,Purana Bazar,-,-,0,0,0,0,0,0
498,15-Purana Bazar,Purana Bazar,447/6,Milkiyat Jama Masjid,-,Purana Bazar,-,-,0,0,0,0,0,0
499,15-Purana Bazar,Purana Bazar,447/7,Milkiyat Jama Masjid,-,Purana Bazar,-,-,0,0,0,0,0,0
500,15-Purana Bazar,Purana Bazar,448,"Ved Parkash, Prem Chand",Jagdish Parshad,Purana Bazar, -,Commercial Self ,24,482,24,383,420,5040
501,15-Purana Bazar,Purana Bazar,449,Bhushan Lal,Jyoti Parshad,Purana Bazar,7217453705,Commercial Self ,79,0,79,79,0,0
502,15-Purana Bazar,Purana Bazar,450,Keshar Jhan,W/O Raees Khan,Purana Bazar,9358542746,Commercial Self ,110,0,110,110,0,0
503,15-Purana Bazar,Purana Bazar,451,Mayawati,W/O Ved Parkash,Purana Bazar,9917657749,Commercial Self ,440,0,440,0,0,0
504,15-Purana Bazar,Purana Bazar,452,Satish Chand,Karam Chand,Purana Bazar,7217448209,Commercial Self ,133,0,133,778,0,0
505,15-Purana Bazar,Purana Bazar,453,Satish Chand,Karam Chand,Purana Bazar,7217448209,Commercial Self ,0,0,0,0,0,0
506,15-Purana Bazar,Purana Bazar,453/1,Islam,Nazeer Ahamad,Purana Bazar,7702521163,Commercial Self ,440,1456,440,2185,0,0
507,15-Purana Bazar,Purana Bazar,454,Naseem,Batti,Purana Bazar,-,Commercial Self ,440,0,440,2848,0,0
508,15-Purana Bazar,Purana Bazar,455,Beena Devi,W/O Naresh Chand,Purana Bazar,9897465255,Commercial Self ,440,0,440,0,420,1640
509,15-Purana Bazar,Purana Bazar,"456,
460/1,460/7",Khursheed,Mohd. Umar,Purana Bazar,9759148782, -,440,0,440,924,0,0
510,15-Purana Bazar,Purana Bazar,457,Mohd. Israr,Abdul Basid,Purana Bazar,9882516786,Commercial Self ,61,0,61,61,0,0
511,15-Purana Bazar,Purana Bazar,457/1,Mohd. Israr,Abdul Basid,Purana Bazar,9882516786, -,0,0,0,0,0,0
512,15-Purana Bazar,Purana Bazar,458,"Anees,
Zarina W/O Ameer Ahamad",Ameer Ahamad,Purana Bazar,7830097328,Commercial Self ,218,0,218,218,0,0
513,15-Purana Bazar,Purana Bazar,"459,
460",Anees,Ameer Ahamad,Purana Bazar,8868072786,Commercial Self ,1056,2218,1056,2216,0,0
514,15-Purana Bazar,Purana Bazar,461,Anees,Ameer Ahamad,Purana Bazar,8868072786,Commercial Self ,264,0,264,0,0,0
515,15-Purana Bazar,Purana Bazar,462,Anees,Ameer Ahamad,Purana Bazar,8868072786,Commercial Self ,264,0,264,0,0,0
516,15-Purana Bazar,Purana Bazar,"463,
464",Anees,Ameer Ahamad,Purana Bazar,8868072786,Commercial Self ,1056,0,1056,0,0,0
517,15-Purana Bazar,Purana Bazar,465,Hemchand,Ilam Chand,Purana Bazar,9897465255,Commercial Self ,121,1923,121,2060,299,2932
518,15-Purana Bazar,Purana Bazar,466,Nargish Sultana,W/O Seyyad Mohd. Zaidi,Purana Bazar,9358372415,Commercial Self ,230,0,230,0,0,0
519,15-Purana Bazar,Purana Bazar,467,Sohan Lal,Sadhu Ram,Purana Bazar,9557722628, -,61,128,61,128,0,0
520,15-Purana Bazar,Purana Bazar,468,Jashoda Rani,W/O Bhushan Lal,Purana Bazar,-,Commercial Self ,61,128,61,128,0,0
521,15-Purana Bazar,Purana Bazar,469,"Dukan Nagar Palika Parishd
Kairana",-,Purana Bazar,-,Commercial Self ,0,0,0,0,0,0
522,15-Purana Bazar,Purana Bazar,470,"Dukan Nagar Palika Parishd
Kairana",-,Purana Bazar,-,Commercial Self ,0,0,0,0,0,0
523,15-Purana Bazar,Purana Bazar,471,"Dukan Nagar Palika Parishd
Kairana",-,Purana Bazar,-,Commercial Self ,0,0,0,0,0,0
524,15-Purana Bazar,Purana Bazar,472,"Dukan Nagar Palika Parishd
Kairana",-,Purana Bazar,-,Commercial Self ,0,0,0,0,0,0
525,15-Purana Bazar,Purana Bazar,473,"Dukan Nagar Palika Parishd
Kairana",-,Purana Bazar,-,Commercial Self ,0,0,0,0,0,0
526,15-Purana Bazar,Purana Bazar,474,"Dukan Nagar Palika Parishd
Kairana",-,Purana Bazar,-,Commercial Self ,0,0,0,0,0,0
527,15-Purana Bazar,Purana Bazar,475,"Dukan Nagar Palika Parishd
Kairana",-,Purana Bazar,-,Commercial Self ,0,0,0,0,0,0
528,15-Purana Bazar,Purana Bazar,476,"Dukan Nagar Palika Parishd
Kairana",-,Purana Bazar,-,Commercial Self ,0,0,0,0,0,0
529,15-Purana Bazar,Purana Bazar,477,"Dukan Nagar Palika Parishd
Kairana",-,Purana Bazar,-,Commercial Self ,0,0,0,0,0,0
530,15-Purana Bazar,Purana Bazar,478,"Dukan Nagar Palika Parishd
Kairana",-,Purana Bazar,-,Commercial Self ,0,0,0,0,0,0
531,15-Purana Bazar,Purana Bazar,479,"Dukan Nagar Palika Parishd
Kairana",-,Purana Bazar,-,Commercial Self ,0,0,0,0,0,0
532,15-Purana Bazar,Purana Bazar,480,"Dukan Nagar Palika Parishd
Kairana",-,Purana Bazar,-,Commercial Self ,0,0,0,0,0,0
533,15-Purana Bazar,Purana Bazar,481,"Dukan Nagar Palika Parishd
Kairana",-,Purana Bazar,-,Commercial Self ,0,0,0,0,0,0
534,15-Purana Bazar,Purana Bazar,482,"Dukan Nagar Palika Parishd
Kairana",-,Purana Bazar,-,Commercial Self ,0,0,0,0,0,0
535,15-Purana Bazar,Purana Bazar,483,"Dukan Nagar Palika Parishd
Kairana",-,Purana Bazar,-,Commercial Self ,0,0,0,0,0,0
536,15-Purana Bazar,Purana Bazar,484,"Dukan Nagar Palika Parishd
Kairana",-,Purana Bazar,-,Commercial Self ,0,0,0,0,0,0
537,15-Purana Bazar,Purana Bazar,485,"Jamila W/O Saeed Ahamad,
Saeed Ahamad",Salimudeen,Purana Bazar,9466335313,Commercial Self ,1016,9639,1016,9639,0,0
538,15-Purana Bazar,Purana Bazar,486,"Ilyash, Bashir, Sharif",Wali Mohammad,Purana Bazar,9720840888,Commercial Self ,436,436,436,436,0,0
539,15-Purana Bazar,Purana Bazar,487,"Ilyash, Bashir, Sharif",Wali Mohammad,Purana Bazar,9720840888,Commercial Self ,73,0,73,1763,0,0
540,15-Purana Bazar,Purana Bazar,488,"Ilyash, Bashir, Sharif",Wali Mohammad,Purana Bazar,9720840888,Commercial Self ,581,12115,581,12115,0,0
541,15-Purana Bazar,Purana Bazar,489,"Ilyash, Bashir, Sharif",Wali Mohammad,Purana Bazar,9720840888,Commercial Self ,0,0,0,0,0,0
542,15-Purana Bazar,Purana Bazar,490,Radhe Shayam,Om Parkash,Purana Bazar,9557845335,Commercial Self ,24,0,0,0,0,0
543,15-Purana Bazar,Purana Bazar,491,Radhe Shayam,Om Parkash,Purana Bazar,9557845335,Commercial Self ,110,0,110,231,0,0
544,15-Purana Bazar,Purana Bazar,492,Nem Chand,Ilam Chand,Purana Bazar,9897465255,Commercial Self ,61,0,61,0,0,0
545,15-Purana Bazar,Purana Bazar,493,Naseem,Batti,Purana Bazar,7500213786,Residential Self ,61,0,61,0,0,0
546,15-Purana Bazar,Purana Bazar,494,Wahidan,W/O Habib,Purana Bazar,8439714924,Residential Self ,61,0,61,128,359,718
547,15-Purana Bazar,Purana Bazar,495,Vaseek,Shafi,Purana Bazar,9084856660,Residential Self ,45,0,45,429,375,1615
548,15-Purana Bazar,Purana Bazar,496,"Anees, Nafees, Shamim, Mohsin,
Naseem",Habib  ,Purana Bazar,-,Residential Self ,61,0,61,470,359,1974
549,15-Purana Bazar,Purana Bazar,497,Mohd. Kavar,Yusuf,Purana Bazar,9328316217,Commercial Self ,581,2696,581,3119,0,0
550,15-Purana Bazar,Purana Bazar,498,Furkan,Haji Shafik,Purana Bazar,9528374890,Commercial Self ,55,0,55,0,0,0
551,15-Purana Bazar,Purana Bazar,499,"Taslim, Nadeem, Sonu",Mehboob,Purana Bazar,-,Commercial Self ,145,381,145,481,0,0
552,15-Purana Bazar,Purana Bazar,500,Bal Kishan,Om Parkash,Purana Bazar,8171512935,Commercial Self ,97,204,97,204,0,0
553,15-Purana Bazar,Purana Bazar,501,Roshan Begam,W/O Mohd. Akram,Purana Bazar,9058785897,Commercial Self ,121,0,121,0,0,0
554,15-Purana Bazar,Purana Bazar,502,"Irshad, Shezad",Mehboob,Purana Bazar,8528212135,Commercial Self ,290,290,290,765,0,0
555,15-Purana Bazar,Purana Bazar,502/1,"Irshad, Shezad",Mehboob,Purana Bazar,8528212135,Commercial Self ,290,290,290,290,0,0
556,15-Purana Bazar,Purana Bazar,502/2,Matloob,Mehboob,Purana Bazar,8528212135,Commercial Self ,145,1993,145,1993,0,0
557,15-Purana Bazar,Purana Bazar,502/3,"Irshad, Shezad",Mehboob,Purana Bazar,8528212135,Commercial Self ,24,24,0,0,0,0
558,15-Purana Bazar,Purana Bazar,503,"Mohd,Aasif Saifi","Mohd,Iqbal Saifi",Purana Bazar,9027090470,Commercial Self ,220,728,220,728,200,400
559,15-Purana Bazar,Purana Bazar,504,"Irshad, Shezad",Mehboob,Purana Bazar,8528212135,Commercial Self ,97,97,97,97,0,0
560,15-Purana Bazar,Purana Bazar,505,"Irshad, Shezad",Mehboob,Purana Bazar,8528212135,Commercial Self ,24,24,0,0,0,0
561,15-Purana Bazar,Purana Bazar,506,Asha Rani,W/O Surendra,Purana Bazar,9997964062, -,48,48,48,48,0,0
562,15-Purana Bazar,Purana Bazar,507,Bhushan Kumar,Shiv Parshad,Purana Bazar,8439413841,Commercial Self ,48,1040,48,1040,0,0
563,15-Purana Bazar,Purana Bazar,507/1,Bhushan Kumar,Shiv Parshad,Purana Bazar,8439413841,Residential Self ,0,0,0,0,0,0
564,15-Purana Bazar,Purana Bazar,508,"Ikram, Noshad",Mehmood ,Purana Bazar,8439413841,Commercial Self ,157,2493,157,2491,263,1998
565,15-Purana Bazar,Purana Bazar,508/1,"Ikram, Noshad",Mehmood,Purana Bazar,8439413841,Residential Self ,0,0,0,0,0,0
566,15-Purana Bazar,Purana Bazar,509,Irshad ,Rafik,Purana Bazar,9897894059,Commercial Self ,73,153,73,153,347,694
567,15-Purana Bazar,Purana Bazar,510,Irshad,Rafik,Purana Bazar,9897894059,Residential Self ,7,15,0,0,0,0
568,15-Purana Bazar,Purana Bazar,511,Naveen Chand Verma,Radhe Lal Urf Radhe Shayam,Purana Bazar,9045690975,Commercial Self ,356,356,121,121,0,0
569,15-Purana Bazar,Purana Bazar,512,Dhan Shayam,Data Ram,Purana Bazar,9897820455,Commercial Self ,121,121,121,121,0,0
570,15-Purana Bazar,Purana Bazar,513,Sazzad Ali,Wahid,Purana Bazar,8791408000,Commercial Self ,660,1386,660,66,0,0
571,15-Purana Bazar,Purana Bazar,514,Haji Akbar,Abdulla,Purana Bazar,9719479615,Commercial Self ,145,305,145,15,420,840
572,15-Purana Bazar,Purana Bazar,515,Sazzad Ali,Abdul Wahid,Purana Bazar,8791408000,Residential Self ,14,29,0,0,0,0
573,15-Purana Bazar,Purana Bazar,516,Haji Akbar,Abdulla,Purana Bazar,9719479615,Residential Self ,13,27,0,0,0,0
574,15-Purana Bazar,Purana Bazar,517,"Mohd. Akram, Mohd. Mukarram",Salamtulla,Purana Bazar,9760788684,Commercial Self ,290,960,290,61,0,0
575,15-Purana Bazar,Purana Bazar,517/1,Hasim,Abdul Hameed,Purana Bazar,9359721152,Commercial Self ,73,1005,73,1005,0,0
576,15-Purana Bazar,Purana Bazar,518,Imrana W/O Israr ,S/O Lateef,Purana Bazar,9871065298,Commercial Self ,2000,3364,2000,266,0,0
577,15-Purana Bazar,Purana Bazar,519,Rakesh Kumar,Trilok Chand,Purana Bazar,9871065298,Commercial Self ,48,370,48,29,0,0
578,15-Purana Bazar,Purana Bazar,520,"Rakesh S/O Trilok Chand,
Navin S/O Shiv Lal",-,Purana Bazar,9871065298,Residential Self ,0,0,0,0,0,0
579,15-Purana Bazar,Purana Bazar,521,Vaseem Ahmad,Mohd. Haneef,Purana Bazar,9319758871,Commercial Self ,357,357,436,0,0,0
580,15-Purana Bazar,Purana Bazar,522,Navin Kumar,Shiv Lal,Purana Bazar,8339104230,Commercial Self ,73,0,73,0,0,0
581,15-Gumbad,Gumbad,522/1,Navin Kumar,Shiv Lal,Gumbad,8339104230,Residential Self ,44,0,44,0,0,0
582,15-Gumbad,Gumbad,523,Riyaz Ahamad,Shabudeen,Gumbad,9528037466,Residential Self ,48,370,73,1521,347,3292
583,15-Gumbad,Gumbad,524,Yasin,Shabudeen,Gumbad,9681786786,Residential Self ,0,0,48,29,372,2052
584,15-Gumbad,Gumbad,525,Mukrim,Kuba,Gumbad,9690622086,Residential Self ,73,73,73,73,347,347
585,15-Gumbad,Gumbad,526,Gyan Devi,W/O Trilok Chand,Gumbad,9058556461,Residential Self ,44,0,44,0,0,0
586,15-Gumbad,Gumbad,527,Moorti Devi,W/O Ved Parkash Singhal,Gumbad,-,Residential Self ,44,145,44,0,376,3116
587,15-Gumbad,Gumbad,528,Prem Lata,W/O Anand Sawroop Singhal,Gumbad,-,Residential Self ,44,0,48,0,372,0
588,15-Gumbad,Gumbad,529,Ram Kumar,Jagannath,Gumbad,-,Residential Self ,97,450,97,0,323,1555
589,15-Gumbad,Gumbad,530,Ram Nath,Jagannath,Gumbad,-,Residential Self ,48,0,48,0,372,1568
590,15-Gumbad,Gumbad,531,"Ram Avtar, Radhe Shayam",Kishan Lal,Gumbad,-,Residential Self ,45,0,45,0,375,0
591,15-Gumbad,Gumbad,532,Gyan Devi,Trilok Chand,Gumbad,9058556461,Residential Self ,44,0,44,0,420,0
592,15-Gumbad,Gumbad,533,"Subhash Chand, Ved Partkash, 
Rakesh   ",Lacchi Ram,Gumbad,9997009598,Residential Self ,44,0,44,0,0,0
593,15-Gumbad,Gumbad,534,Sevaram,Gendamal,Gumbad,9012080804,Residential Self ,55,116,55,6,365,1123
594,15-Gumbad,Gumbad,535,Maya Devi,W/O Devi Chand,Gumbad,-,Residential Self ,55,116,55,6,0,0
595,15-Gumbad,Gumbad,536,Prem Kumar,Charan Dass,Gumbad,-,Residential Self ,67,0,67,0,353,0
596,15-Gumbad,Gumbad,537,Prem Kumar,Charan Dass,Gumbad,-,Residential Self ,0,0,0,0,0,0
597,15-Gumbad,Gumbad,538,Maya Devi,W/O Devi Chand,Gumbad,-,Residential Self ,55,5,55,6,420,912
598,15-Gumbad,Gumbad,539,Mohd. Aslam,Shamshad,Gumbad,9719818681,Residential Self ,165,35,165,35,255,817
599,15-Gumbad,Gumbad,540,"Jay Parkash, Abhimanyu",Payare Lal,Gumbad,9917750021,Residential Self ,67,67,67,67,420,420
600,15-Gumbad,Gumbad,541,Ved Parkash,Bhagirath Lal,Gumbad,9045893089,Residential Self ,67,67,67,67,353,397
601,15-Gumbad,Gumbad,542,"Satya Parkash, Pardeep,
Rajan",Dayal Saran,Gumbad,9897731938,Residential Self ,97,97,97,97,420,3540
602,15-Gumbad,Gumbad,543,Bimla,W/O Chel Bihari,Gumbad,9897731938,Residential Self ,44,44,44,46,420,420
603,15-Gumbad,Gumbad,544,Santosh Rani,W/O Satya Parkash,Gumbad,9897731938,Residential Self ,45,45,45,45,0,0
604,15-Gumbad,Gumbad,545,Vinod Kumar Sharma,Dhan Shayam,Gumbad,9837947747,Residential Self ,48,293,48,22,420,2066
605,15-Gumbad,Gumbad,546,Ram Ratan,Shiv Dutt,Gumbad,9897777483,Residential Self ,45,2307,45,206,0,0
606,15-Gumbad,Gumbad,547,Devendra,Shiv Dutt,Gumbad,9897777483,Residential Self ,45,2307,45,206,0,0
607,15-Gumbad,Gumbad,548,Surender,Shiv Dutt,Gumbad,9897777483,Residential Self ,45,0,45,45,0,0
608,15-Gumbad,Gumbad,549,Narender,Shiv Dutt,Gumbad,9897777483,Residential Self ,45,2307,45,206,0,0
609,15-Gumbad,Gumbad,550,"Suresh, Mahesh, Ramesh S/O Uma Dutt Sharma,
Sumitra Devi W/O Naresh Chand",-,Gumbad,6398779938,Residential Self ,45,1223,45,1240,0,0
610,15-Gumbad,Gumbad,551,Sevaram,Kesho Ram,Gumbad,-,Residential Self ,19,0,0,0,420,0
611,15-Gumbad,Gumbad,552,"Ram Ratan, Devender, Narender,,
Surender",Shiv Dutt,Gumbad,7417289193,Residential Self ,48,4735,48,363,420,0
612,15-Gumbad,Gumbad,553,Anand Parkash,Aatma Ram,Gumbad,-,Residential Self ,48,48,48,48,372,372
613,15-Gumbad,Gumbad,554,Mamchand,Jivan Lal,Gumbad,-,Residential Self ,264,7363,264,538,0,0
614,15-Gumbad,Gumbad,555,Sant Kumar,Sevaram,Gumbad,-,Residential Self ,44,0,44,0,0,0
615,15-Gumbad,Gumbad,556,Jadho Ram,Raghuwar Dayal,Gumbad,9368670990,Residential Self ,44,0,44,0,376,0
616,15-Gumbad,Gumbad,557,"Mahendra Sawroop, Gopal, Perladh,
Suresh, Ramesh, Avad Bihari",Raghuwar Dayal,Gumbad,9368670990,Residential Self ,61,0,61,0,359,0
617,15-Gumbad,Gumbad,558,"Vinod Kumar Sharma,
Subhash Sharma",Ram Kishan Sharma,Gumbad,9972060007,Residential Self ,55,0,55,0,365,0
618,15-Gumbad,Gumbad,559,Chati Devi,W/O Babu Ram,Gumbad,9760144846,Residential Self ,44,44,44,44,420,420
619,15-Gumbad,Gumbad,560,Kamlesh ,W/O Vishnu Chand,Gumbad,7017101124,Residential Self ,44,699,44,60,420,3540
620,15-Gumbad,Gumbad,561,"Suresh ,Ramesh, Mahesh S/O Shiv Dutt,
Sumitra Devi W/O Naresh Chand",-,Gumbad,6398779938,Residential Self ,44,1273,44,60,420,1740
621,15-Gumbad,Gumbad,562,"Jadhoram, Radhe Lal",Mitthan Lal,Gumbad,-,Open Plot ,73,73,73,73,347,347
622,15-Gumbad,Gumbad,563,"Jadhoram, Radhe Lal",Mitthan Lal,Gumbad,-,Open Plot ,363,363,363,363,0,0
623,15-Gumbad,Gumbad,564,Yash Pal Singh,Jagannath,Gumbad,-,Open Plot ,330,330,330,330,90,90
624,15-Gumbad,Gumbad,565,Jyoti Swaroop,Jagannath,Gumbad,-,-,61,61,61,61,359,359
625,15-Gumbad,Gumbad,566,Jyoti Swaroop,Jagannath,Gumbad,-,-,0,0,0,0,0,0
626,15-Gumbad,Gumbad,567,Kanti Devi,W/O Tara Chand,Gumbad,9466708117,Residential Self ,157,157,157,157,420,444
627,15-Gumbad,Gumbad,568,Kanti Devi,W/O Tara Chand,Gumbad,9466708117,Residential Self ,145,145,145,145,0,0
628,15-Gumbad,Gumbad,569,Kanti Devi,W/O Tara Chand,Gumbad,9466708117,Residential Self ,0,0,0,0,0,0
629,15-Gumbad,Gumbad,570,Dhan Shayam,Ram Swaroop,Gumbad,7055067070,Residential Self ,97,2513,97,230,420,5066
630,15-Gumbad,Gumbad,571,"Sushil Kumar, Deepak Kumar",Satya Parkash,Gumbad,-,Residential Self ,0,9621,0,1345,0,0
631,15-Gumbad,Gumbad,572,Satish Kumar Garg,Jugmender Dass,Gumbad,8077529552,Residential Self ,44,268,44,20,420,3540
632,15-Gumbad,Gumbad,573,Nand Kumar,Shobha Ram,Gumbad,9412582617,Residential Self ,26,0,0,0,0,0
633,15-Gumbad,Gumbad,574,Kanti Devi,Tara Chand,Gumbad,9466708117,Residential Self ,0,0,0,0,0,0
634,15-Gumbad,Gumbad,575,Kanti Devi,Tara Chand,Gumbad,9466708117,Residential Self ,0,0,0,0,0,0
635,15-Gumbad,Gumbad,576,Nand Kumar,Shobha Ram,Gumbad,9412582617,Residential Self ,133,0,133,0,287,311
636,15-Gumbad,Gumbad,577,Nand Kumar,Shobha Ram,Gumbad,9412582617,Residential Self ,0,0,0,0,0,0
637,15-Gumbad,Gumbad,578,Suresh Chand,Lacchi Ram,Gumbad,-,Residential Self ,44,0,44,204,376,1464
638,15-Gumbad,Gumbad,579,Laltesh,W/O Satish Kumar Garg,Gumbad,9690911008,Residential Self ,110,671,110,671,420,2040
639,15-Gumbad,Gumbad,580,Laltesh,W/O Satish Kumar Garg,Gumbad,9690911008,Residential Self ,61,372,61,372,0,0
640,15-Gumbad,Gumbad,581,Bishamber Dutt,Devi Ram,Gumbad,-,Residential Self ,0,0,0,0,0,0
641,15-Gumbad,Gumbad,582,Gayatri Devi,W/O Dayal Saran,Gumbad,9760430390,Residential Self ,121,738,121,738,420,2160
642,15-Gumbad,Gumbad,583,"Gayatri Devi W/O Dayal Saran,
Sarla Rani W/O Prem Chand, Ram Saran Dass S/O Banarasi Dass",-,Gumbad,9760430390,Residential Self ,85,520,85,520,0,0
643,15-Gumbad,Gumbad,584,Deepa Rani,W/O Rajiv,Gumbad,9412113561,Residential Self ,66,66,66,66,354,1944
644,15-Gumbad,Gumbad,585,Satguru Dasi,D/O Yashodha Nand,Gumbad,9557235351,Residential Self ,44,1029,44,91,372,4056
645,15-Gumbad,Gumbad,586,Kirshan Chand,Ramrich Pal,Gumbad,7017235360,Residential Self ,48,48,48,48,372,2100
646,15-Gumbad,Gumbad,587,Kirshan Chand,Ramrich Pal,Gumbad,7017235360,Residential Self ,55,55,55,66,0,0
647,15-Gumbad,Gumbad,587/1,Poonam Singhal,W/O Vijay Kumar Singhal,Gumbad,-,Residential Self ,726,726,726,726,0,0
648,15-Gumbad,Gumbad,588,Raj Bala,W/O Shakti Sharan Kansal,Gumbad,-,Residential Self ,48,48,48,48,0,0
649,15-Gumbad,Gumbad,589,Saroj Bala,W/O Ramesh Chand,Gumbad,9152614200,Residential Self ,61,142,61,61,0,0
650,15-Gumbad,Gumbad,590,Ishwar Dayal,Aatma Ram,Gumbad,9837801471,Residential Self ,45,276,45,28,0,0
651,15-Gumbad,Gumbad,591,Moti Ram,Raja Ram,Gumbad,9058520957,Residential Self ,66,404,66,31,354,1710
652,15-Gumbad,Gumbad,592,Mukut Lal,Amar Singh,Gumbad,9719565401,Residential Self ,44,802,44,69,0,0
653,15-Gumbad,Gumbad,593,Savitri Devi,Ravinder Kumar,Gumbad,-,Residential Self ,109,506,109,36,0,0
654,15-Gumbad,Gumbad,594,Ishwar Dayal,Aatma Ram,Gumbad,9837801471,Residential Self ,44,268,44,20,0,0
655,15-Gumbad,Gumbad,595,Rakesh Kumar,Ram Sharan,Gumbad,9837801471,Residential Self ,44,579,44,43,0,0
656,15-Gumbad,Gumbad,596,Mohan Lal,Kelash Chand,Gumbad,9837992734,Residential Self ,44,417,44,37,0,0
657,15-Gumbad,Gumbad,597,Usha ,W/O Munna Lal,Gumbad,-,Residential Self ,44,92,44,92,0,0
658,15-Gumbad,Gumbad,598,Meghraj,Lakhmi Singh,Gumbad,8923921928,Residential Self ,61,0,61,0,359,1974
659,15-Gumbad,Gumbad,599,Kavita,W/O Naresh Chand,Gumbad,8595271720,Residential Self ,73,255,73,34,0,0
660,15-Gumbad,Gumbad,600,Kavita,W/O Naresh Chand,Gumbad,8595271720,Residential Self ,0,0,0,0,420,5940
661,15-Gumbad,Gumbad,600/1,Mamta,W/O Mahendra Kumar,Gumbad,8267976686,Residential Self ,73,424,73,0,347,3532
662,15-Gumbad,Gumbad,601,Mitra Sen,Govind Parshad,Gumbad,9012445979,Residential Self ,61,128,61,128,359,3682
663,15-Gumbad,Gumbad,602,"Shayam Bihari, Kirshan Bihari S/O Om Parkash,
Saroj Devi W/O Mukut Bihari",-,Gumbad,9548425817,Residential Self ,97,2870,97,276,420,420
664,15-Gumbad,Gumbad,603,"Shayam Bihari, Kirshan Bihari S/O Om Parkash,
Saroj Devi W/O Mukut Bihari",-,Gumbad,9548425817,Residential Self ,264,264,264,264,0,0
665,15-Gumbad,Gumbad,603/1,Priyanka Verma,W/O Arun Verma,Gumbad,-,Residential Self ,110,1748,110,293,0,0
666,15-Gumbad,Gumbad,604,Tez Pal,Ram Kishan  ,Gumbad,9548421758,Residential Self ,48,48,48,48,0,0
667,15-Gumbad,Gumbad,605,"Vijay Pal, Mahipal, Partap, 
Bharat Bhushan",Babu Ram,Gumbad,-,Open Plot ,48,0,48,0,420,4440
668,15-Gumbad,Gumbad,606,"Shayam, Kirshan Bihari S/O Om Parkash,
Saroja Devi W/O Mukut Bihari",-,Gumbad,9548425817,Residential Self ,877,4305,877,1026,0,0
669,15-Gumbad,Gumbad,607,Dharm Singh,Chandra Bhan,Gumbad,-,Residential Self ,51,242,51,16,369,1436
670,15-Gumbad,Gumbad,608,Parmod Kumar,Ravi Dutt,Gumbad,-,Residential Self ,61,61,61,61,420,420
671,15-Gumbad,Gumbad,609,Muniya Kumar,Radhe Shayam  ,Gumbad,-,Residential Self ,85,85,85,85,420,2040
672,15-Gumbad,Gumbad,610,Sadhu Ram,Jagannath,Gumbad,-,Residential Self ,133,812,133,62,420,6756
673,15-Gumbad,Gumbad,611,Parhalad,Phool Singh,Gumbad,9520502050,Residential Self ,73,73,73,73,0,0
674,15-Gumbad,Gumbad,612,Shanti Devi,W/O Ram Ratan,Gumbad,9520502050,Residential Self ,485,0,485,49,420,1640
675,15-Gumbad,Gumbad,613,Parmod Kumar,Harswaroop,Gumbad,7814127101,Residential Self ,55,55,55,55,420,444
676,15-Gumbad,Gumbad,614,Parmod Kumar,Harswaroop,Gumbad,7814127101,Residential Self ,55,183,55,87,420,1240
677,15-Gumbad,Gumbad,615,Kamla Wati,W/O Sunder Lal,Gumbad,9152009100,Residential Self ,121,298,0,0,420,2940
678,15-Gumbad,Gumbad,616,Kamla Wati,W/O Surendra,Gumbad,9997993577,Residential Self ,61,61,61,61,420,420
679,15-Gumbad,Gumbad,617,Dinesh Verma,Shayam Singh,Gumbad,9997993577,Residential Self ,121,561,121,561,420,1640
680,15-Gumbad,Gumbad,618,Kamla Wati,W/O Sunder Lal,Gumbad,-,Residential Self ,12,75,0,0,420,1736
681,15-Gumbad,Gumbad,619,Shiv Kumar,Jummamal,Gumbad,8445756388,Residential Self ,264,2503,264,595,156,1590
682,15-Gumbad,Gumbad,620,Dhan Shayam,Jummamal,Gumbad,8791896892,Residential Self ,97,97,97,11,323,443
683,15-Gumbad,Gumbad,620/1,Birj Bhushan,Jugmender Dass,Gumbad,-,Residential Self ,44,519,40,39,376,2588
684,15-Gumbad,Gumbad,621,"Dinesh , Sushil",Radhe Shayam  ,Gumbad,-,Residential Self ,61,2049,61,181,420,6540
685,15-Gumbad,Gumbad,622,"Ram Swaroop S/O Fakeer Chand,
Milkiyat Mandir Kamboj Manager Parmod Kumar",Fakeer Chand,Gumbad,-,Residential Self ,67,0,67,311,353,1372
686,15-Gumbad,Gumbad,623,Mohd. Tahir,Mohd. Feyyaz,Gumbad,9758815573,Residential Self ,103,216,103,10,420,1240
687,15-Gumbad,Gumbad,624,Mohd. Tahir,Mohd. Feyyaz,Gumbad,9758815573,Residential Self ,97,0,97,321,420,4440
688,15-Gumbad,Gumbad,625,"Arshad S/O Kamil,
Azhar S/O Asad Pervez",-,Gumbad,-,Residential Self ,45,276,45,21,420,2040
689,15-Gumbad,Gumbad,626,Satyawati,W/O Sevaram,Gumbad,9997824055,Residential Self ,67,2256,67,199,420,7158
690,15-Gumbad,Gumbad,627,"Koshalaya Devi W/O Ramesh Chand,
Shanti Devi W/O Dharmendra Kumar",-,Gumbad,9690908989,Residential Self ,48,1166,48,102,420,4440
691,15-Gumbad,Gumbad,628,"Manoj Kumar, Aashish Kumar,
Urmila Devi W/O Shiv Kumar",Shiv Kumar,Gumbad,7906803578,Residential Self ,66,778,66,65,420,2940
692,15-Gumbad,Gumbad,629,Om Parkash,Chatar Sen,Gumbad,9997933074,Residential Self ,48,293,48,22,420,2040
693,15-Gumbad,Gumbad,630,"Kirshana Devi W/O Anand Parkash,
Anand Kumar",Jummamal,Gumbad,8923423600,Residential Self ,44,802,44,69,420,3840
694,15-Gumbad,Gumbad,631,Satender Kumar,Kishan Lal,Gumbad,9557356061,Residential Self ,103,2607,103,287,317,2105
695,15-Gumbad,Gumbad,632,Rukmani,W/O Radhe Lal,Gumbad,-,Residential Self ,85,4352,85,411,335,4994
696,15-Gumbad,Gumbad,633,Ram Kumar,Avadhi Parshad,Gumbad,9897429100,Residential Self ,97,321,97,20,323,1069
697,15-Gumbad,Gumbad,634,Vinit Kumar,Ramesh Chand,Gumbad,-,Residential Self ,55,256,55,18,0,0
698,15-Gumbad,Gumbad,635,Anil Kumar,Prem Chand,Gumbad,9520010680,Residential Self ,85,513,85,62,420,6048
699,15-Gumbad,Gumbad,636,"Panchayati Kuwa Nagar Palika Parishad
Kairana",-,Gumbad,-,Residential Self ,0,0,0,0,0,0
700,15-Gumbad,Gumbad,637,Amar Nath,Rameshwar Dayal,Gumbad,6398314001,Residential Self ,44,0,44,0,376,752
701,15-Gumbad,Gumbad,"638,
639",Amar Nath,Rameshwar Dayal,Gumbad,6398314001,Commercial Self ,187,0,187,0,420,3840
702,15-Gumbad,Gumbad,640,"Ved Parkash,  ",Dharmveer,Gumbad,9897205350,Residential Self ,55,1007,55,87,0,0
703,15-Gumbad,Gumbad,641,Ramesh Chand ,Lal Chand,Gumbad,9456691294,Residential Self ,97,4525,97,403,323,4772
704,15-Gumbad,Gumbad,642,Sushil Kumar ,Amar Nath,Gumbad,7895800621,Residential Self ,61,202,61,13,0,0
705,15-Gumbad,Gumbad,643,Raj Bhadur Singhal,Karodimal,Gumbad,9411032745,Residential Self ,61,202,61,13,359,1057
706,15-Gumbad,Gumbad,644,"Sudesh Mittal W/O Sunder Lal,
Sunder Lal",Ved Parkash,Gumbad,9897683978,Residential Self ,48,48,48,48,372,1448
707,15-Gumbad,Gumbad,645,Raj Kumar,Ram Ratan Lal,Gumbad,7417219638,Residential Self ,61,578,61,47,359,2381
708,15-Gumbad,Gumbad,646,Santosh Sehgal,W/O Narender Kumar,Gumbad,9286207574,Residential Self ,73,1763,73,154,347,3532
709,15-Gumbad,Gumbad,647,Kusum Lata,W/O Kirshan Chand,Gumbad,9634590048,Residential Self ,46,214,46,15,420,1640
710,15-Gumbad,Gumbad,648,Kusum Lata,W/O Kirshan Chand,Gumbad,9634590048,Open Plot ,0,0,0,0,0,0
711,15-Gumbad,Gumbad,649,Vijay Kumar. Ajay Kumar,Ram Sharan,Gumbad,9897467741,Residential Self ,88,1607,88,180,420,3840
712,15-Gumbad,Gumbad,650,Kusum Lata,W/O Vijay Kumar  ,Gumbad,9837826023,Residential Self ,88,836,88,104,0,0
713,15-Gumbad,Gumbad,651,Shayam Wati,W/O Ajay Kumar,Gumbad,9917901001,Residential Self ,48,762,48,65,372,3068
714,15-Gumbad,Gumbad,652,Ram Avtar,Murari Lal,Gumbad,9837557937,Residential Self ,73,241,73,15,347,1021
715,15-Gumbad,Gumbad,653,Nandi,W/O Jyoti Parshad,Gumbad,8057968372,Residential Self ,0,3881,0,157,0,0
716,15-Gumbad,Gumbad,654,Darshan Devi,W/O Somnath,Gumbad,8218597699,Residential Self ,48,2230,48,198,420,6540
717,15-Gumbad,Gumbad,655,Somnath,Ruthimal,Gumbad,9311147846,Residential Self ,264,1224,264,87,156,1734
718,15-Gumbad,Gumbad,656,Raju,Ruthimal,Gumbad,8474975754,Residential Self ,264,6184,264,538,0,0
719,15-Gumbad,Gumbad,657,Ajay Kumar,Jadho Ram,Gumbad,9520280084,Residential Self ,44,102,44,102,0,0
720,15-Gumbad,Gumbad,658,"Sudesh, Rajesh",Puran Chand,Gumbad,-,Residential Self ,44,0,44,0,376,0
721,15-Gumbad,Gumbad,659,Babita,W/O Kamal Kumar,Gumbad,9927285597,Residential Self ,99,0,99,0,321,0
722,15-Gumbad,Gumbad,660,Sunil,Puran Chand,Gumbad,-,Residential Self ,44,339,44,0,420,2340
723,15-Gumbad,Gumbad,661,Niraj Kumar,Jadho Ram,Gumbad,9927041852,Residential Self ,55,0,55,0,370,390
724,15-Gumbad,Gumbad,662,Prem Lata,W/O Data Ram,Gumbad,-,Residential Self ,97,8611,97,0,420,7212
725,15-Gumbad,Gumbad,663,"Niraj Kumar,
Pooja Rani W/O Niraj Kumar",Jadho Ram,Gumbad,9927041852,Residential Self ,44,0,44,0,0,0
726,15-Gumbad,Gumbad,664,Sunil,Puran Chand,Gumbad,9690488667,Residential Self ,24,185,0,0,0,0
727,15-Gumbad,Gumbad,665,Sunil,Puran Chand,Gumbad,9690488667,Residential Self ,48,0,48,29,0,0
728,15-Gumbad,Gumbad,666,Sushil,Puran Chand,Gumbad,-,Residential Self ,24,0,0,0,0,0
729,15-Gumbad,Gumbad,667,Narender,Shayam Lal,Gumbad,9045638978,Residential Self ,48,48,48,48,372,372
730,15-Gumbad,Gumbad,668,"Pawan Sandeep, Devraj Pardeep",Roshan Lal,Gumbad,9359724080,Residential Self ,85,395,85,395,335,1300
731,15-Gumbad,Gumbad,669,Sushil Kumar,Om Parkash,Gumbad,9719042416,Residential Self ,85,395,85,0,420,1640
732,15-Gumbad,Gumbad,670,Sushil Kumar,Om Parkash,Gumbad,9719042416,Commercial Self ,0,0,0,0,0,0
733,15-Gumbad,Gumbad,671,Mohd. Kasim,Kalu,Gumbad,9719042416,Commercial Self ,400,0,0,0,0,0
734,15-Gumbad,Gumbad,672,Sushil Kumar,Om Parkash,Gumbad,9719042416,Commercial Self ,1089,1089,1089,0,0,0
735,15-Gumbad,Gumbad,673,"Gorav Bansal, Rahul Bansal,",Vinod Kumar,Gumbad,9719042416,Commercial Self ,0,0,0,0,0,0
736,15-Gumbad,Gumbad,674,"Gorav Bansal,Rahul Bansal",Vinod Kumar,Gumbad,9719042416,Commercial Self ,1452,1452,1452,1452,0,0
737,15-Gumbad,Gumbad,675,Aasha Ram,Bakhtawar,Gumbad,9837535701,Residential Self ,61,2276,61,1706,420,2340
738,15-Gumbad,Gumbad,676,Kavar Pal,Aasha Ram,Gumbad,9412843358,Residential Self ,73,338,73,338,347,1348
739,15-Gumbad,Gumbad,677,Suresh Pal,Rangbeer Singh,Gumbad,9997787771,Residential Self ,48,0,48,0,372,0
740,15-Gumbad,Gumbad,678,"Daya Ram ,
Vimla Devi W/O Daya Ram",Ramdiya,Gumbad,9411449976,Residential Self ,44,417,44,34,0,0
741,15-Gumbad,Gumbad,679,"Mahesh Bal S/O Raj Bahadur,
Satender Kumar S/O Raj Bhadur,
Satender Kumar, Anil Kumar S/O Karodimal",-,Gumbad,9897017461,Residential Self ,55,116,55,116,365,730
742,15-Gumbad,Gumbad,680,"Masjid Ibadat Gha Gandhiyo
Wali",-,Gumbad,-,Mosque,0,0,0,0,420,420
743,15-Gumbad,Gumbad,681,Bhopal,Shayam Singh,Gumbad,9410653065,Residential Self ,48,1623,48,1623,372,4620
744,15-Gumbad,Gumbad,682,Bhopal,Shayam Singh,Gumbad,9410653065,Residential Self ,436,14890,436,14662,0,0
745,15-Gumbad,Gumbad,683,Subhash Chand,Amar Nath,Gumbad,9045922305,Residential Self ,48,0,48,0,420,1760
746,15-Gumbad,Gumbad,684,Subhash Chand,Amar Nath,Gumbad,9045922305,Residential Self ,48,48,48,0,0,0
747,15-Gumbad,Gumbad,685,Mukut Bihari,Nihal Chand,Gumbad,9927576568,Residential Self ,55,0,55,0,365,365
748,15-Gumbad,Gumbad,686,Roohit Aggarwal,Subhash Chand Aggarwal,Gumbad,-,Residential Self ,44,0,44,0,376,376
749,15-Gumbad,Gumbad,687,"Gorav Bansal, Rahul Bansal,
Deepa Rani W/O Vinod Kumar",Vinod Kumar,Gumbad,8307918088,Residential Self ,66,0,66,0,354,354
750,15-Gumbad,Gumbad,688,"Indro Devi W/O Rajpal Singh,
Rajpal Singh",Sher Singh,Gumbad,9045922306,Residential Self ,91,2209,91,193,329,3617
751,15-Gumbad,Gumbad,689,Ram Sharan,Kirshan Lal,Gumbad,9558918692,Residential Self ,73,73,73,73,347,347
752,15-Gumbad,Gumbad,690,"Irfan, Furkan,
Zarina W/O Ilyash",Ilyash,Gumbad,9719593035,Residential Self ,55,183,55,87,0,0
753,15-Gumbad,Gumbad,691,Sanjeev Kumar,Dev Sharan,Gumbad,9997176405,Residential Self ,110,0,110,23,0,0
754,15-Gumbad,Gumbad,691/1,Kamal,Subhash,Gumbad,7520661096,Residential Self ,165,165,165,0,0,0
755,15-Gumbad,Gumbad,691/2,Neelam,Rafal Singh,Gumbad,7520661452,Residential Self ,220,2087,220,170,0,0
756,15-Gumbad,Gumbad,692,Amar Nath,Jyoti Parshad,Gumbad,9456691294,Residential Self ,61,61,61,61,359,3476
757,15-Gumbad,Gumbad,693,Bhushan Lal,Wazir Singh,Gumbad,9897596844,Residential Self ,48,2007,48,178,0,0
758,15-Gumbad,Gumbad,694,Ashwani Singhal,Anand Sawroop,Gumbad,7417213896,Residential Self ,0,0,0,0,0,0
759,15-Gumbad,Gumbad,695,Ashwani Singhal,Anand Sawroop,Gumbad,7417213896,Residential Self ,48,0,48,0,0,0
760,15-Gumbad,Gumbad,696,"Narendra Kumar,Dharmveer",Sultan Singh,Gumbad,9761295489,Commercial Self ,525,0,1000,0,0,0
761,15-Gumbad,Gumbad,697,Afzal,Ikbal,Gumbad,9456691298,Commercial Self ,145,1120,145,0,0,0
762,15-Gumbad,Gumbad,698,Mahipal ,Bhawar Singh,Gumbad,9897505420,Residential Self ,73,0,73,0,0,0
763,15-Gumbad,Gumbad,699,Kirshan Lal,Ramrich Pal,Gumbad,9917901003,Commercial Self ,330,1531,330,109,0,0
764,15-Gumbad,Gumbad,700,Kirshan Lal,Ramrich Pal,Gumbad,9917901003,Residential Self ,182,182,182,182,0,0
765,15-Gumbad,Gumbad,701,Ram Sharan,Kirshanpal,Gumbad,9720765704,Commercial Self ,330,330,330,330,90,134
766,15-Gumbad,Gumbad,702,Ram Sharan,Kirshanpal,Gumbad,9720765704,Residential Self ,145,145,330,330,0,0
767,15-Gumbad,Gumbad,703,Ram Sharan,Kirshan Pal,Gumbad,9720765704,Commercial Self ,145,145,145,165,0,0
768,15-Gumbad,Gumbad,704,Ram Sharan,Kirshan Pal,Gumbad,9720765704,Commercial Self ,145,145,171,171,0,0
769,15-Gumbad,Gumbad,705,Ram Sharan,Kirshan Pal,Gumbad,9720765704,Commercial Self ,152,152,152,152,0,0
770,15-Gumbad,Gumbad,706,"Irfan, Furkan,
Zarina W/O Ilyash",Ilyash,Gumbad,9286207654,Commercial Self ,88,1607,88,138,0,0
771,15-Gumbad,Gumbad,707,Avneesh Singhal,Parkash Chand,Gumbad,9311147849,Residential Self ,825,0,825,0,0,0
772,15-Gumbad,Gumbad,708,"Ekta Garg W/O Rakesh Kumar,
Rakesh Kumar",Om Parkash,Gumbad,-,Residential Self ,73,73,73,73,0,0
773,15-Gumbad,Gumbad,709,"Ekta Garg W/O Rakesh Kumar,
Rakesh Kumar",Om Parkash,Gumbad,-,Residential Self ,0,0,0,0,0,0
774,15-Gumbad,Gumbad,710,Ram Dayal,Puran Chand,Gumbad,-,Residential Self ,0,0,0,0,0,0
775,15-Gumbad,Gumbad,711,Narender Kumar,Jummamal,Gumbad,9520280052,Residential Self ,48,293,48,293,372,1800
776,15-Gumbad,Gumbad,712,Amar Nath,Rameshwar ,Gumbad,-,Residential Self ,73,445,73,445,0,0
777,15-Gumbad,Gumbad,713,Amar Nath,Rameshwar,Gumbad,-,Commercial Self ,1016,18657,1016,18535,0,0
778,15-Gumbad,Gumbad,714,"Pankaj, Neeraj, Kanheya",Surender Kumar Garg,Gumbad,6395940741,Residential Self ,63,0,63,0,357,0
779,15-Gumbad,Gumbad,715,"Sushil, Aadesh",Chaman Lal,Gumbad,9927285595,Residential Self ,91,91,91,0,420,0
780,15-Gumbad,Gumbad,716,Mamta,W/O Ram Kumar  ,Gumbad,9359728046,Residential Self ,55,2813,55,3200,0,0
781,15-Gumbad,Gumbad,717,Shanti  ,W/O Sunder  ,Gumbad,9045638179,Residential Self ,48,370,48,370,420,5424
782,15-Gumbad,Gumbad,718,Arif,Mohd. Asgar,Gumbad,9837944667,Residential Self ,24,584,24,384,420,4440
783,15-Gumbad,Gumbad,718/1,Arif,Mohd. Asgar,Gumbad,9837944667,Residential Self ,121,2929,121,2929,0,0
784,15-Gumbad,Gumbad,719,Anil  ,Rameshwar,Gumbad,-,Residential Self ,85,179,85,2296,420,5076
785,15-Gumbad,Gumbad,720,Madir Santoshi Mata,-,Gumbad,-,Temple ,0,0,0,0,0,0
786,15-Gumbad,Gumbad,721,"Saeeda Begam W/O Khursheed Ali,
Khursheed",Mohd. Rafi,Gumbad,9411032661,Privat School ,73,73,73,73,347,347
787,15-Gumbad,Gumbad,721/1,"Saeeda Begam W/O Khursheed Ali,
Khursheed",Mohd. Rafi,Gumbad,9411032661,Commercial Self ,440,440,440,440,0,0
788,15-Gumbad,Gumbad,721/2,"Saeeda Begam W/O Khursheed Ali,
Khursheed",Mohd. Rafi,Gumbad,9411032661,Commercial Self ,0,0,0,0,0,0
789,15-Gumbad,Gumbad,721/3,"Saeeda Begam W/O Khursheed Ali,
Khursheed",Mohd. Rafi,Gumbad,9411032661,Commercial Self ,0,0,0,0,0,0
790,15-Gumbad,Gumbad,721/4,"Saeeda Begam W/O Khursheed Ali,
Khursheed",Mohd. Rafi,Gumbad,9411032661,Commercial Self ,440,440,440,440,0,0
791,15-Gumbad,Gumbad,721/5,"Saeeda Begam W/O Khursheed Ali,
Khursheed",Mohd. Rafi,Gumbad,9411032661,Commercial Self ,440,440,440,440,0,0
792,15-Gumbad,Gumbad,721/6,"Saeeda Begam W/O Khursheed Ali,
Khursheed",Mohd. Rafi,Gumbad,9411032661,Commercial Self ,440,440,440,440,0,0
793,15-Gumbad,Gumbad,721/7,"Saeeda Begam W/O Khursheed Ali,
Khursheed",Mohd. Rafi,Gumbad,9411032661, -,0,0,0,0,0,0
794,15-Gumbad,Gumbad,722,"Saeeda Begam W/O Khursheed Ali,
Khursheed",Mohd. Rafi,Gumbad,9411032661,Commercial Self ,220,220,220,220,0,0
795,15-Gumbad,Gumbad,722/1,"Saeeda Begam W/O Khursheed Ali,
Khursheed",Mohd. Rafi,Gumbad,9411032661,Commercial Self ,165,165,165,165,0,0
796,15-Gumbad,Gumbad,722/2,"Saeeda Begam W/O Khursheed Ali,
Khursheed",Mohd. Rafi,Gumbad,9411032661,Commercial Self ,0,0,0,0,0,0
797,15-Gumbad,Gumbad,722/3,"Saeeda Begam W/O Khursheed Ali,
Khursheed",Mohd. Rafi,Gumbad,9411032661,Commercial Self ,88,88,88,88,0,0
798,15-Gumbad,Gumbad,723,"Saeeda Begam W/O Khursheed Ali,
Khursheed",Mohd. Rafi,Gumbad,9411032661,Commercial Self ,165,165,165,165,255,255
799,15-Gumbad,Gumbad,723/1,"Saeeda Begam W/O Khursheed Ali,
Khursheed",Mohd. Rafi,Gumbad,9411032661,Commercial Self ,440,440,440,440,0,0
800,15-Gumbad,Gumbad,723/2,"Saeeda Begam W/O Khursheed Ali,
Khursheed",Mohd. Rafi,Gumbad,9411032661,Commercial Self ,0,0,0,0,0,0
801,15-Gumbad,Gumbad,724,"Pawan, Devraj, Sandeep,
Pardeep",Roshan Lal,Gumbad,9634755733,Residential Self ,44,204,44,204,420,1640
802,15-Gumbad,Gumbad,725,Prem Kumar,Charan Dass,Gumbad,9634755733, -,43,262,43,262,0,0
803,15-Gumbad,Gumbad,726,Saida,W/O Mustak,Gumbad,7060414387, -,48,294,48,294,420,1240
804,15-Gumbad,Gumbad,727,Ummaid Ali,Maksood,Gumbad,9027697069, -,44,45,48,48,376,6108
805,15-Gumbad,Gumbad,728,Tahir Hasan,Nasir Hasan,Gumbad,-, -,48,48,48,48,372,372
806,15-Gumbad,Gumbad,728/1,"Afzal, Irshad, Anees",Ikbal,Gumbad,9528535360,Commercial Self ,73,1001,73,1331,347,347
807,15-Gumbad,Gumbad,728/A,"Afzal, Irshad, Anees",Ikbal,Gumbad,9528535360,Commercial Self ,220,4014,220,4014,0,0
808,15-Gumbad,Gumbad,728/B,"Afzal, Irshad, Anees",Ikbal,Gumbad,9528535360,Commercial Self ,220,4014,220,4014,0,0
809,15-Gumbad,Gumbad,729,"Afzal, Irshad, Anees",Ikbal,Gumbad,9528535360,Commercial Self ,48,877,48,877,0,0
810,15-Gumbad,Gumbad,730,Afzal Ahamad,Ikbal,Gumbad,9528535360,Residential Self ,73,1331,73,1331,0,0
811,15-Gumbad,Gumbad,731,Shiv Charan,Shobha Ram,Gumbad,-,Residential Self ,45,1874,45,1874,0,0
812,15-Gumbad,Gumbad,732,Raj Kumar,Chatar Sen,Gumbad,9837780897,Commercial Self ,44,0,44,92,0,0
813,15-Gumbad,Gumbad,733,Raj Kumar,Chatar Sen,Gumbad,9837780897,Commercial Self ,145,0,145,394,275,0
814,15-Gumbad,Gumbad,734,Raj Kumar,Chatar Sen,Gumbad,9837780897,Commercial Self ,88,0,88,185,0,0
815,15-Gumbad,Gumbad,735,Kanti  ,W/O Shayam Singh,Gumbad,9412638534,Commercial Self ,182,0,182,0,0,0
816,15-Gumbad,Gumbad,736,"Prem Lata W/O Daya Ram,
Ravinder Kumar S/O Dayaram",Daya Ram,Gumbad,-,Residential Self ,61,61,61,61,359,383
817,15-Gumbad,Gumbad,737,Amar Nath,Jyoti Parshad,Gumbad,-,Residential Self ,48,0,48,0,372,0
818,15-Gumbad,Gumbad,738,Krishana Devi,W/O Jay Chand,Gumbad,-,Residential Self ,264,6185,264,6185,420,5640
819,15-Gumbad,Gumbad,739,Uma Singhal,W/O Ajesh Kumar Singhal,Gumbad,-, -,55,0,55,0,420,1312
820,15-Gumbad,Gumbad,740,Ajay Kumar Singhal (Guddu),Kalu Ram,Gumbad,-,Residential Self ,200,200,200,478,0,0
821,15-Gumbad,Gumbad,741,"Pawan Kumar, Raj Kumar",Chatar Sen,Gumbad,9410409451,Residential Self ,66,0,66,139,354,0
822,15-Gumbad,Gumbad,742,Puran Chand,Chander Sen,Gumbad,-,Open Plot ,61,2049,61,2049,359,5912
823,15-Gumbad,Gumbad,743,Ajay Kumar Singhal (Guddu),Kalu Ram,Gumbad,-,Residential Self ,300,300,300,630,120,120
824,15-Gumbad,Gumbad,744,Rajkumar,Chatar Sen,Gumbad,-,Residential Self ,48,0,48,101,420,0
825,15-Gumbad,Gumbad,745,Rajkumar,Chatar Sen,Gumbad,-,Residential Self ,61,0,61,139,420,0
826,15-Gumbad,Gumbad,745/1,Pawan Kumar  ,Chatar Sen,Gumbad,-,Residential Self ,66,0,66,0,0,0
827,15-Gumbad,Gumbad,746,Nand Kumar,Shobha Ram,Gumbad,-,Residential Self ,121,0,121,0,299,299
828,15-Gumbad,Gumbad,747,"Sharafat, Sada, Ayezaz",Ali Hasan,Gumbad,9634159518,Residential Self ,73,73,73,153,347,1902
829,15-Gumbad,Gumbad,748,Ali Sher,Bundu,Gumbad,9319140375,Residential Self ,79,5913,79,9484,420,420
830,15-Gumbad,Gumbad,749,Furkan,Feemu,Gumbad,9756950405,Residential Self ,264,2503,264,5051,420,5040
831,15-Gumbad,Gumbad,749/1,Shezad,Ayyub,Gumbad,9012378751,Residential Self ,55,523,55,524,0,0
832,15-Gumbad,Gumbad,750,Mehrban,Riyasat,Gumbad,9897159619,Residential Self ,55,337,55,337,365,2010
833,15-Gumbad,Gumbad,751,Shafi,Ibrahim,Gumbad,9027282901,Residential Self ,85,657,85,657,335,2330
834,15-Gumbad,Gumbad,752,"Subhash, Rajesh, Sanjay",Shayam Sunder,Gumbad,9411927516,Residential Self ,145,1709,145,1709,420,2940
835,15-Gumbad,Gumbad,753,"Sushil Kumar,
Brijesh W/O Sushil",Salek Chand,Gumbad,6395317007,Residential Self ,88,88,88,836,0,0
836,15-Gumbad,Gumbad,753/1,Sharda,Nandan,Gumbad,9411927516,Residential Self ,48,0,48,1807,0,0
837,15-Gumbad,Gumbad,754,Shanti,W/O Faggan,Gumbad,9927352300,Residential Self ,61,202,61,202,359,1057
838,15-Gumbad,Gumbad,755,"Rakesh, Faggan",Birbal,Gumbad,9927352300,Residential Self ,55,0,44,0,365,1913
839,15-Gumbad,Gumbad,756,Naseem ,Shokat,Gumbad,9027008832,Residential Self ,48,1166,48,1162,0,0
840,15-Gumbad,Gumbad,757,Shakeel,Akhtar,Gumbad,-,Residential Self ,61,578,61,578,420,2640
841,15-Gumbad,Gumbad,758,"Kurban, Irfan, Babbu, Imran",Manga,Gumbad,8077516421,Residential Self ,73,73,73,73,0,0
842,15-Gumbad,Gumbad,759,"Harun Ali,
Akhtari W/O Harun",Ikbal,Gumbad,8273195023,Residential Self ,61,61,61,61,420,2340
843,15-Gumbad,Gumbad,760,"Chatar Sen,
Mukut Bihari S/O Chatar Sen",Asharam,Gumbad,9761405050,Residential Self ,44,44,44,701,376,376
844,15-Gumbad,Gumbad,761,Sushil Kumar,Salek Chand,Gumbad,6395317007,Open Plot ,44,44,44,44,420,420
845,15-Gumbad,Gumbad,762,"Anil, Sunil, Sudesh",Atar Singh,Gumbad,8307777696,Residential Self ,45,0,45,0,375,375
846,15-Gumbad,Gumbad,763,Chatar Sen ,Aasha Ram,Gumbad,9761405050,Residential Self ,0,0,44,802,0,0
847,15-Gumbad,Gumbad,764,Anjana Devi,W/O Amit Kumar,Gumbad,8307777696,Residential Self ,400,400,400,400,0,0
848,15-Gumbad,Gumbad,765,Inder Sen,Jado Ram,Gumbad,941927516,Residential Self ,97,920,97,920,323,1961
849,15-Gumbad,Gumbad,"766,
768","Prem Lata W/O Daya Ram, 
Ravinder",Daya Ram,Gumbad,-,Residential Self ,66,5688,66,1205,0,0
850,15-Gumbad,Gumbad,769,"Parbha Rani W/O Dinesh Kumar,
Neetu Singhal W/O Tarun Singhal",-,Gumbad,9411030408,Commercial Self ,396,6291,396,6291,0,0
851,15-Gumbad,Gumbad,769/A,"Parbha Rani W/O Dinesh Kumar,
Neetu Singhal W/O Tarun Singhal",-,Gumbad,9411030408,Commercial Self ,220,3496,220,462,0,0
852,15-Gumbad,Gumbad,770,Kirno Devi,Mohan Lal,Gumbad,7037045691,Commercial Self ,396,832,396,832,0,0
853,15-Gumbad,Gumbad,770/A,"Kirno Devi W/O Mohan Lal,
Savitri Devi W/O Charan Singh",-,Gumbad,7037045691,Residential Self ,220,462,220,462,0,0
854,15-Gumbad,Gumbad,771,"Avikas, Avishal,Amit, Ankur",Naresh Chand,Gumbad,8077088845,Commercial Self ,121,400,121,400,299,877
855,15-Gumbad,Gumbad,772,"Ajab Singh, Sompal, Inderpal, Subhash Chand",Kapoor Chand,Gumbad,9897628663,Commercial Self ,440,0,440,440,0,0
856,15-Gumbad,Gumbad,773,Tarun Kumar Singhal,Surender Kumar Singhal,Gumbad,9690996911,Residential Self ,0,0,0,0,0,0
857,15-Gumbad,Gumbad,774,Laxmi Chand,Roop Chand,Gumbad,9412583560,Commercial Self ,67,0,67,0,0,0
858,15-Gumbad,Gumbad,775,Roop Chand ,Telu Ram,Gumbad,9410620485,Commercial Self ,440,0,440,0,0,0
859,15-Gumbad,Gumbad,776,Roop Chand ,Telu Ram,Gumbad,9410620485,Residential Self ,44,0,44,0,376,752
860,15-Gumbad,Gumbad,777,"Rakesh Kumar,
Daya Rani W/O Rakesh Kumar",Mitra Sen,Gumbad,9520082222,Commercial Self ,73,73,73,73,0,0
861,15-Jodwa Kuwa,Jodwa Kuwa,778,"Rakesh Kumar,
Daya Rani W/O Rakesh Kumar",Mitra Sen,Jodwa Kuwa,9520082222,Residential Self ,0,0,0,0,0,0
862,15-Jodwa Kuwa,Jodwa Kuwa,779,Rajender Kumar,Amar Singh,Jodwa Kuwa,9411930308,Commercial Self ,90,90,91,91,330,330
863,15-Jodwa Kuwa,Jodwa Kuwa,780,Dukan Veshaya Sabha Kairana,-,Jodwa Kuwa,9760038045,Commercial Self ,73,0,73,0,0,0
864,15-Jodwa Kuwa,Jodwa Kuwa,781,"Ram Mandir Kathara Dharamshala
Manager Sanjay Kumar",Salek Chand,Jodwa Kuwa,-,Commercial Self ,545,0,545,0,0,0
865,15-Jodwa Kuwa,Jodwa Kuwa,782,Mukesh Chand Jain,Salek Chand Jain,Jodwa Kuwa,9760294541,Commercial Self ,133,0,133,0,0,0
866,15-Jodwa Kuwa,Jodwa Kuwa,783,Mukesh Chand Jain,Salek Chand Jain,Jodwa Kuwa,9760294541,Residential Self ,0,0,0,0,0,0
867,15-Jodwa Kuwa,Jodwa Kuwa,784,Sharvan Kumar,Sumer Chand,Jodwa Kuwa,9760038045,Commercial Self ,77,0,77,0,0,0
868,15-Jodwa Kuwa,Jodwa Kuwa,785,Sharvan Kumar,Sumer Chand,Jodwa Kuwa,9760038045,Commercial Self ,73,338,73,338,0,0
869,15-Jodwa Kuwa,Jodwa Kuwa,786,"Mohd. Akhlak, Abdul Kalam, Abdul Saleem,
Abdul Wahab",Islam,Jodwa Kuwa,8979121786,Commercial Self ,133,0,133,0,0,0
870,15-Jodwa Kuwa,Jodwa Kuwa,787,"Mohd. Akhlak, Abdul Kalam, Abdul Saleem,
Abdul Wahab",Islam,Jodwa Kuwa,8979121786,Commercial Self ,0,0,0,0,0,0
871,15-Jodwa Kuwa,Jodwa Kuwa,788,Veshaya Sabha Kairana,-,Jodwa Kuwa,9897840336,Commercial Self ,212,2500,112,2034,0,0
872,15-Jodwa Kuwa,Jodwa Kuwa,789,Mohd.Islam,Mohd.Yamin,Jodwa Kuwa,8439414101,Commercial Self ,242,0,110,0,0,0
873,15-Jodwa Kuwa,Jodwa Kuwa,790,Saeed Ahamad,Nazeer Ahamad,Jodwa Kuwa,9897475078,Commercial Self ,73,563,73,563,0,0
874,15-Jodwa Kuwa,Jodwa Kuwa,791,Islam,Yasin,Jodwa Kuwa,9536225511,Residential Self ,91,0,91,0,329,0
875,15-Jodwa Kuwa,Jodwa Kuwa,792,Islam,Yasin,Jodwa Kuwa,9536225511,Residential Self ,66,0,66,0,0,0
876,15-Jodwa Kuwa,Jodwa Kuwa,793,Ayyub,Sageer Ahamad,Jodwa Kuwa,9997969256,Residential Self ,44,0,44,44,376,0
877,15-Jodwa Kuwa,Jodwa Kuwa,794,Mohd. Islam,Mohd. Yasin,Jodwa Kuwa,9719768323,Commercial Self ,44,0,44,0,0,0
878,15-Jodwa Kuwa,Jodwa Kuwa,795,Saeed Ahamad,Nazeer Ahamad,Jodwa Kuwa,9897475078,Residential Self ,48,370,48,377,372,2052
879,15-Jodwa Kuwa,Jodwa Kuwa,796,Usman,Yamin,Jodwa Kuwa,9548773277,Residential Self ,73,0,73,0,347,0
880,15-Jodwa Kuwa,Jodwa Kuwa,797,Mobin,Yamin,Jodwa Kuwa,9897403644,Residential Self ,73,445,73,445,347,1902
881,15-Jodwa Kuwa,Jodwa Kuwa,798,Lukman,Yamin,Jodwa Kuwa,9897485643,Residential Self ,45,95,45,95,375,750
882,15-Jodwa Kuwa,Jodwa Kuwa,799,Ratan Sawroop,Kedar Nath,Jodwa Kuwa,9557648403,Residential Self ,88,836,88,836,332,2024
883,15-Jodwa Kuwa,Jodwa Kuwa,800,Jay Parkash ,Kedar Nath,Jodwa Kuwa,9997418076,Residential Self ,182,2501,182,2501,420,2808
884,15-Jodwa Kuwa,Jodwa Kuwa,801,Kuldeep,Rajender,Jodwa Kuwa,-,Residential Self ,48,0,48,0,0,0
885,15-Jodwa Kuwa,Jodwa Kuwa,802,Kuldeep,Rajender,Jodwa Kuwa,-,Residential Self ,0,0,0,0,0,0
886,15-Jodwa Kuwa,Jodwa Kuwa,803,Rajesh Kumar,Shayam Lal,Jodwa Kuwa,9897801904,Residential Self ,121,1660,121,1661,420,3240
887,15-Jodwa Kuwa,Jodwa Kuwa,804,Rajesh Kumar,Shayam Lal,Jodwa Kuwa,9897801904,Residential Self ,121,1660,121,1661,0,0
888,15-Jodwa Kuwa,Jodwa Kuwa,805,Rajesh Kumar,Shayam Lal,Jodwa Kuwa,9897801904,Residential Self ,109,1499,109,1499,0,0
889,15-Jodwa Kuwa,Jodwa Kuwa,806,"Mohd.Akhlakh,Kalam,Salam,Vahab",Mohd.Islam,Jodwa Kuwa,-,Residential Self ,145,145,145,145,275,275
890,15-Jodwa Kuwa,Jodwa Kuwa,807,Ayyub,Sageer Ahamad,Jodwa Kuwa,9997969256,Commercial Self ,110,0,110,110,310,0
891,15-Jodwa Kuwa,Jodwa Kuwa,808,Pushpender,Om Parkash,Jodwa Kuwa,9358095577,Commercial Self ,600,600,600,600,420,2808
892,15-Jodwa Kuwa,Jodwa Kuwa,809,Kirshan Kumar,Om Parkash,Jodwa Kuwa,9358855757,Commercial Self ,800,0,800,0,0,0
893,15-Jodwa Kuwa,Jodwa Kuwa,810,"Tarun Kumar, Varun Kumar",Surender Kumar Singhal,Jodwa Kuwa,9412115161,Commercial Self ,73,0,73,0,347,0
894,15-Jodwa Kuwa,Jodwa Kuwa,811,Naseem ,Saleem,Jodwa Kuwa,9412583317,Residential Self ,73,0,73,0,0,0
895,15-Jodwa Kuwa,Jodwa Kuwa,812,Naseem ,Saleem,Jodwa Kuwa,9412583317,Commercial Self ,73,0,73,0,0,0
896,15-Jodwa Kuwa,Jodwa Kuwa,813,Naseem ,Saleem,Jodwa Kuwa,9412583317,Residential Self ,48,0,48,0,0,0
897,15-Jodwa Kuwa,Jodwa Kuwa,814,Islam,Mohd. Yamin,Jodwa Kuwa,9719748323,Commercial Self ,48,0,48,0,0,0
898,15-Jodwa Kuwa,Jodwa Kuwa,815,Islam,Mohd. Yamin,Jodwa Kuwa,9719748323,Residential Self ,55,0,55,0,365,0
899,15-Jodwa Kuwa,Jodwa Kuwa,815/1,Naseem ,Saleem,Jodwa Kuwa,9412583317,Commercial Self ,48,0,48,0,0,0
900,15-Jodwa Kuwa,Jodwa Kuwa,816,Naseem ,Saleem,Jodwa Kuwa,9412583317,Commercial Self ,48,0,48,0,372,0
901,15-Jodwa Kuwa,Jodwa Kuwa,816/1,Naseem ,Saleem,Jodwa Kuwa,9412583317,Commercial Self ,48,0,48,0,0,0
902,15-Jodwa Kuwa,Jodwa Kuwa,816/2,Saleem,Yasin,Jodwa Kuwa,9412583317,Commercial Self ,145,1377,145,1377,0,0
903,15-Jodwa Kuwa,Jodwa Kuwa,816/3,Saleem,Yasin,Jodwa Kuwa,9412583317,Residential Self ,198,1880,198,1880,0,0
904,15-Jodwa Kuwa,Jodwa Kuwa,817,"Mohd. Dilshad, Mohd. Ahasan",Mehmood Hasan,Jodwa Kuwa,9358358656,Commercial Self ,220,220,220,220,0,0
905,15-Jodwa Kuwa,Jodwa Kuwa,818,Sunder ,Ved Parkash,Jodwa Kuwa,9997304205,Commercial Self ,61,61,61,61,0,0
906,15-Jodwa Kuwa,Jodwa Kuwa,819,Sunder ,Ved Parkash,Jodwa Kuwa,9997304205,Residential Self ,73,73,73,73,420,0
907,15-Jodwa Kuwa,Jodwa Kuwa,820,Rakesh Kumar,Rajender Kumar,Jodwa Kuwa,-,Commercial Self ,1089,1089,1089,1089,0,0
908,15-Jodwa Kuwa,Jodwa Kuwa,821,Rakesh Kumar,Rajender Kumar,Jodwa Kuwa,-,Residential Self ,44,44,44,44,0,0
909,15-Jodwa Kuwa,Jodwa Kuwa,822,"Shaziya Parveen W/O Shan Ilahi,
Fatma Begam W/O Ikram Ilahi",-,Jodwa Kuwa,9368765006,Commercial Self ,97,204,97,204,420,1640
910,15-Jodwa Kuwa,Jodwa Kuwa,823,"Shaziya Parveen W/O Shan Ilahi,
Fatma Begam W/O Ikram Ilahi",-,Jodwa Kuwa,9368765006,Residential Self ,44,92,44,92,0,0
911,15-Jodwa Kuwa,Jodwa Kuwa,824,Imrana,W/O Israiel,Jodwa Kuwa,9996008085,Commercial Self ,0,0,0,0,0,0
912,15-Jodwa Kuwa,Jodwa Kuwa,825,Imrana,W/O Israiel,Jodwa Kuwa,9996008085,Commercial Self ,330,0,330,0,0,0
913,15-Jodwa Kuwa,Jodwa Kuwa,826,Meenu,W/O Vinay Kumar,Jodwa Kuwa,9756831000,Commercial Self ,330,693,330,693,0,0
914,15-Jodwa Kuwa,Jodwa Kuwa,826/1,"Rahul S/O Prem Chand,
Shivani W/O Rahul",Prem Chand,Jodwa Kuwa,9897872397,Commercial Self ,330,0,330,0,0,0
915,15-Jodwa Kuwa,Jodwa Kuwa,826/2,"Ziya Lal, Ram Avtar", Naval Kishor,Jodwa Kuwa,8909501900,Commercial Self ,220,220,220,220,0,0
916,15-Jodwa Kuwa,Jodwa Kuwa,826/3,"Ziya Lal, Ram Avtar",Naval Kishor,Jodwa Kuwa,8909501900,Commercial Self ,330,330,330,330,0,0
917,15-Jodwa Kuwa,Jodwa Kuwa,827,"Ziya Lal, Ram Avtar",Naval Kishor,Jodwa Kuwa,8909501900,Open Plot ,0,0,0,0,0,0
918,15-Jodwa Kuwa,Jodwa Kuwa,827/1,"Ziya Lal, Ram Avtar",Naval Kishor,Jodwa Kuwa,8909501900,Open Plot ,0,0,0,0,0,0
919,15-Jodwa Kuwa,Jodwa Kuwa,827/2,"Ziya Lal, Ram Avtar",Naval Kishor,Jodwa Kuwa,8909501900,Open Plot ,0,0,0,0,0,0
920,15-Jodwa Kuwa,Jodwa Kuwa,827/3,"Mangesh Jain S/O Jaindas Jain
V
Vimlesh Jain W/O Mangesh Jain ",Jaindas Jain,Jodwa Kuwa,8909501900,Commercial Self ,330,1531,330,1531,0,0
921,15-Jodwa Kuwa,Jodwa Kuwa,828,"Ziya Lal, Ram Avtar",Naval Kishor,Jodwa Kuwa,8909501900,Commercial Self ,99,99,99,99,0,0
922,15-Jodwa Kuwa,Jodwa Kuwa,829,"Ziya Lal, Ram Avtar",Naval Kishor,Jodwa Kuwa,8909501900,Commercial Self ,220,220,220,220,0,0
923,15-Jodwa Kuwa,Jodwa Kuwa,830,"Mohd. Anwar  , Mohd. Ashraf",Mohd. Akram,Jodwa Kuwa,-,Commercial Self ,121,254,121,121,0,0
924,15-Jodwa Kuwa,Jodwa Kuwa,831,"Ziya Lal, Ram Avtar",Naval Kishor,Jodwa Kuwa,8909501900,Commercial Self ,24,24,0,0,0,0
925,15-Jodwa Kuwa,Jodwa Kuwa,832,"Mohd. Umar, Mohd. Harun",Haji Sharif,Jodwa Kuwa,9027275840,Commercial Self ,61,0,61,0,0,0
926,15-Jodwa Kuwa,Jodwa Kuwa,833,Veshaya Sabha Kairana,-,Jodwa Kuwa,8439583415,Commercial Self ,50,233,50,233,0,0
927,15-Jodwa Kuwa,Jodwa Kuwa,834,Veshaya Sabha Kairana,-,Jodwa Kuwa,8439583415,Commercial Self ,1320,1320,1320,0,420,1640
928,15-Jodwa Kuwa,Jodwa Kuwa,834/1,Veshaya Sabha Kairana,-,Jodwa Kuwa,8439583415,Commercial Self ,1320,1320,1320,1320,0,0
929,15-Jodwa Kuwa,Jodwa Kuwa,834/2,Veshaya Sabha Kairana,-,Jodwa Kuwa,8439583415,Commercial Self ,1320,1320,1320,2240,0,0
930,15-Jodwa Kuwa,Jodwa Kuwa,834/3,Veshaya Sabha Kairana,-,Jodwa Kuwa,8439583415,Commercial Self ,1320,1320,1320,1320,0,0
931,15-Jodwa Kuwa,Jodwa Kuwa,834/4,Veshaya Sabha Kairana,-,Jodwa Kuwa,8439583415,Commercial Self ,1320,1320,1320,1320,0,0
932,15-Jodwa Kuwa,Jodwa Kuwa,834/5,Veshaya Sabha Kairana,-,Jodwa Kuwa,8439583415,Commercial Self ,1320,1320,1320,1320,0,0
933,15-Jodwa Kuwa,Jodwa Kuwa,834/6,Veshaya Sabha Kairana,-,Jodwa Kuwa,8439583415, -,0,0,0,0,0,0
934,15-Jodwa Kuwa,Jodwa Kuwa,834/7,Veshaya Sabha Kairana,-,Jodwa Kuwa,8439583415,Commercial Self ,1320,1320,1320,1320,0,0
935,15-Jodwa Kuwa,Jodwa Kuwa,834/8,Veshaya Sabha Kairana,-,Jodwa Kuwa,8439583415,Commercial Self ,1320,1320,1320,1320,0,0
936,15-Jodwa Kuwa,Jodwa Kuwa,834/9,Veshaya Sabha Kairana,-,Jodwa Kuwa,8439583415,Commercial Self ,0,0,0,0,0,0
937,15-Jodwa Kuwa,Jodwa Kuwa,835,Veshaya Sabha Kairana,-,Jodwa Kuwa,8439583415,Commercial Self ,194,0,194,0,0,0
938,15-Jodwa Kuwa,Jodwa Kuwa,836,Veshaya Sabha Kairana,-,Jodwa Kuwa,8439583415,Commercial Self ,85,395,85,395,420,1736
939,15-Jodwa Kuwa,Jodwa Kuwa,837,Veshaya Sabha Kairana,-,Jodwa Kuwa,8439583415,-,641,2367,641,0,0,0
940,15-Jodwa Kuwa,Jodwa Kuwa,838,Veshaya Sabha Kairana,-,Jodwa Kuwa,8439583415,Commercial Self ,154,3736,154,1215,0,0
941,15-Jodwa Kuwa,Jodwa Kuwa,839,Veshaya Sabha Kairana,-,Jodwa Kuwa,8439583415,Commercial Self ,726,0,726,0,0,0
942,15-Jodwa Kuwa,Jodwa Kuwa,840,Satendra Kumar,Raj Kumar,Jodwa Kuwa,-,Commercial Self ,24,50,0,0,0,0
943,15-Jodwa Kuwa,Jodwa Kuwa,841,Anwar,Mehboob,Jodwa Kuwa,9557133903,Commercial Self ,165,347,165,347,0,0
944,15-Jodwa Kuwa,Jodwa Kuwa,842,Jay Pal,Shayam Singh,Jodwa Kuwa,9412638584,Commercial Self ,73,154,73,154,0,0
945,15-Jodwa Kuwa,Jodwa Kuwa,843,Raj Kumar,Sadhu Ram,Jodwa Kuwa,9557133903,Commercial Self ,45,276,45,276,0,0
946,15-Jodwa Kuwa,Jodwa Kuwa,844,Ramesh Kumar,Mahaveer Singh,Jodwa Kuwa,8126929896,Residential Self ,55,183,55,183,365,1075
947,15-Jodwa Kuwa,Jodwa Kuwa,845,"Shri Chand, Devi Chand",Kishan Lal,Jodwa Kuwa,8445602169,Residential Self ,55,0,55,0,420,420
948,15-Jodwa Kuwa,Jodwa Kuwa,846,"Parmod Kumar,
Usha Rani W/O Parmod Kumar",Shiv Charan,Jodwa Kuwa,9837159908,Residential Self ,61,61,61,61,0,0
949,15-Jodwa Kuwa,Jodwa Kuwa,847,Shiv Charan,Basheswar Dayal,Jodwa Kuwa,9837159908,Residential Self ,61,0,61,0,0,0
950,15-Jodwa Kuwa,Jodwa Kuwa,847/1,Raj Kumar,Sadhu Ram,Jodwa Kuwa,7895954080,Residential Self ,44,737,44,802,376,3488
951,15-Jodwa Kuwa,Jodwa Kuwa,848,Ram Kumar,Sadhu Ram,Jodwa Kuwa,9997203620,Residential Self ,55,337,55,337,365,1765
952,15-Jodwa Kuwa,Jodwa Kuwa,849,"Sanjay Kumar Goyal,
Alka Rani W/O Sanjay Kumar",Shiv Charan Dass,Jodwa Kuwa,8445681691,Residential Self ,48,0,48,0,0,0
953,15-Jodwa Kuwa,Jodwa Kuwa,850,"Devender Kumar,
Suman Rani W/O Devender Kumar",Jado Ram,Jodwa Kuwa,8126339672,Residential Self ,48,2325,61,2639,0,0
954,15-Jodwa Kuwa,Jodwa Kuwa,851,Rani Singhal,W/O Subhash Chand,Jodwa Kuwa,-,Residential Self ,45,276,45,276,375,1815
955,15-Jodwa Kuwa,Jodwa Kuwa,852,Suresh ,Jado Ram,Jodwa Kuwa,-,Residential Self ,44,339,44,339,376,2848
956,15-Jodwa Kuwa,Jodwa Kuwa,852/1,Subhash Chand,Jado Ram,Jodwa Kuwa,-,Residential Self ,44,268,44,270,0,0
957,15-Jodwa Kuwa,Jodwa Kuwa,853,Haseena Begam,W/O Mohd. Yusuf,Jodwa Kuwa,-,Residential Self ,97,592,97,592,0,0
958,15-Jodwa Kuwa,Jodwa Kuwa,854,Rakesh Kumar,Jay Parkash,Jodwa Kuwa,7520413124,Residential Self ,44,268,44,268,376,1940
959,15-Jodwa Kuwa,Jodwa Kuwa,855,"Mohd. Naeem, Mohd, Kaseem",Mohd. Yamin,Jodwa Kuwa,-,Residential Self ,66,66,66,66,0,0
960,15-Jodwa Kuwa,Jodwa Kuwa,856,Jay Pal,Shayam Singh,Jodwa Kuwa,9412638584,Residential Self ,45,95,45,101,0,0
961,15-Jodwa Kuwa,Jodwa Kuwa,857,Jay Pal,Shayam Singh,Jodwa Kuwa,9412638584,Residential Self ,182,182,182,382,0,0
962,15-Jodwa Kuwa,Jodwa Kuwa,858,Raj Kumar,Sadhu Ram,Jodwa Kuwa,9557133903,Commercial Self ,48,877,48,877,0,0
963,15-Jodwa Kuwa,Jodwa Kuwa,859,Nasima Begam,W/O Fazal Ilahi,Jodwa Kuwa,9760045678,Commercial Self ,133,617,133,722,0,0
964,15-Jodwa Kuwa,Jodwa Kuwa,860,Nazish Begam,Mohd. Irshad,Jodwa Kuwa,9760045678,Commercial Self ,121,254,121,254,0,0
965,15-Jodwa Kuwa,Jodwa Kuwa,861,"Mohd. Akhlak,
Mohd. Noshad S/O Mohd. Akhlak",Mohd. Umar,Jodwa Kuwa,9545006694,Commercial Self ,85,85,85,85,335,335
966,15-Jodwa Kuwa,Jodwa Kuwa,862,"Niraj Kumar S/O Jay Parkash,
Ramit Kumar S/O Ravinder Kumar",-,Jodwa Kuwa,9897712984,Commercial Self ,61,62,61,61,0,0
967,15-Jodwa Kuwa,Jodwa Kuwa,863,"Niraj Kumar S/O Jay Parkash,
Ramit Kumar S/O Ravinder Kumar",-,Jodwa Kuwa,9897712984,Residential Self ,44,44,44,44,0,0
968,15-Jodwa Kuwa,Jodwa Kuwa,864,Hari Om,Kelash Chand,Jodwa Kuwa,8006817470,Commercial Self ,97,0,97,0,323,0
969,15-Jodwa Kuwa,Jodwa Kuwa,865,Hari Om,Kelash Chand,Jodwa Kuwa,8006817470,Residential Self ,44,0,44,0,0,0
970,15-Jodwa Kuwa,Jodwa Kuwa,866,Kavita Verma,Manoj Kumar,Jodwa Kuwa,9412638584,Commercial Self ,121,254,121,254,299,598
971,15-Jodwa Kuwa,Jodwa Kuwa,867,Kavita Verma,Manoj Kumar,Jodwa Kuwa,9412638584,Commercial Self ,55,116,55,116,0,0
972,15-Jodwa Kuwa,Jodwa Kuwa,868,"Mohd. Waseem, Mohd. Ameen",Mohd. Yusuf,Jodwa Kuwa,9045199625,Commercial Self ,23,73,73,73,420,7785
973,15-Jodwa Kuwa,Jodwa Kuwa,869,Rakesh Kumar,Jay Parkash,Jodwa Kuwa,7520413124,Commercial Self ,121,121,121,121,0,0
974,15-Jodwa Kuwa,Jodwa Kuwa,870,Haseena Begam,W/O Mohd. Yusuf,Jodwa Kuwa,-,Commercial Self ,145,481,145,481,275,2116
975,15-Jodwa Kuwa,Jodwa Kuwa,871,Haseena Begam,W/O Mohd. Yusuf,Jodwa Kuwa,-,Commercial Self ,264,873,264,873,0,0
976,15-Jodwa Kuwa,Jodwa Kuwa,872,"Rameshwar Dayal, Chajjumal, Suresh Chand,
Subhash",Jado Ram,Jodwa Kuwa,-,Commercial Self ,45,349,45,349,0,0
977,15-Jodwa Kuwa,Jodwa Kuwa,873,"Mahesh Chand, Vishnu Chand",Babu Ram,Jodwa Kuwa,9837157275,Commercial Self ,97,97,97,97,0,0
978,15-Jodwa Kuwa,Jodwa Kuwa,874,"Yash Pal, Suraj Bhan,
Savitri Devi W/O Vinod Kumar",-,Jodwa Kuwa,9411030408,Commercial Self ,97,450,97,450,323,1252
979,15-Jodwa Kuwa,Jodwa Kuwa,875,"Yash Pal, Suraj Bhan,
Savitri Devi W/O Vinod Kumar",-,Jodwa Kuwa,9411030408,Residential Self ,44,204,44,204,0,0
980,15-Jodwa Kuwa,Jodwa Kuwa,876,"Khurshida W/O Aslam,
Wasim W/O Mohd. Saleem",-,Jodwa Kuwa,-,Commercial Self ,182,182,182,182,0,0
981,15-Jodwa Kuwa,Jodwa Kuwa,877,"Anil Kumar, Neeraj, Navin",Jay Parkash,Jodwa Kuwa,9456888690,Residential Self ,66,138,66,139,354,0
982,15-Jodwa Kuwa,Jodwa Kuwa,878,Ramratan Lal,Lal Chand,Jodwa Kuwa,8899953613,Commercial Self ,79,367,79,367,341,1324
983,15-Jodwa Kuwa,Jodwa Kuwa,879,Ramratan Lal,Lal Chand,Jodwa Kuwa,8899953613,Residential Self ,44,204,44,204,0,0
984,15-Jodwa Kuwa,Jodwa Kuwa,880,Veshaya Sabha Kairana,-,Jodwa Kuwa,8439583415,Residential Self ,61,971,61,971,0,0
985,15-Jodwa Kuwa,Jodwa Kuwa,881,Veshaya Sabha Kairana,-,Jodwa Kuwa,8439583415,Commercial Self ,198,1210,198,1210,0,0
986,15-Jodwa Kuwa,Jodwa Kuwa,882,Ramesh Chand ,Shri Ram,Jodwa Kuwa,9152360306,Commercial Self ,73,338,73,338,0,0
987,15-Jodwa Kuwa,Jodwa Kuwa,883,Satyawati,W/O Ramesh Chand,Jodwa Kuwa,9997753743,Commercial Self ,88,292,88,292,0,0
988,15-Jodwa Kuwa,Jodwa Kuwa,884,"Mohd. Kaseem S/O Mohd. Yusuf,
Mohd. Saleem S/O Mohd. Yamin",-,Jodwa Kuwa,9368751036,Residential Self ,85,202,85,282,0,0
989,15-Jodwa Kuwa,Jodwa Kuwa,885,"Mohd. Kaseem S/O Mohd. Yusuf,
Mohd. Saleem S/O Mohd. Yamin",-,Jodwa Kuwa,9368751036,Commercial Self ,88,409,88,0,0,0
990,15-Jodwa Kuwa,Jodwa Kuwa,886,Zahida Begam,W/O Mohd. Kaseem,Jodwa Kuwa,9368751036,Commercial Self ,121,410,121,409,0,0
991,15-Jodwa Kuwa,Jodwa Kuwa,887,Buddh Sen,Laxmi Chand,Jodwa Kuwa,9897654558,Commercial Self ,73,73,73,73,0,0
992,15-Jodwa Kuwa,Jodwa Kuwa,888,"Rakesh, Parveen",Shayam Lal,Jodwa Kuwa,9897654558,Commercial Self ,48,48,48,48,0,0
993,15-Jodwa Kuwa,Jodwa Kuwa,888/1,Mohan Lal,Ramrich Pal,Jodwa Kuwa,6397146817,Commercial Self ,110,510,110,510,0,0
994,15-Jodwa Kuwa,Jodwa Kuwa,888/2,Mohan Lal,Ramrich Pal,Jodwa Kuwa,6397146817,Commercial Self ,0,0,0,0,0,0
995,15-Jodwa Kuwa,Jodwa Kuwa,888/3,Mohan Lal,Ramrich Pal,Jodwa Kuwa,6397146817,Commercial Self ,44,204,44,204,0,0
996,15-Jodwa Kuwa,Jodwa Kuwa,888/4,"Rajiv S/O Vinod,
Arun S/O Sharvan, Himanshu S/O Rakesh",-,Jodwa Kuwa,7017730083,Commercial Self ,110,510,110,510,0,0
997,15-Jodwa Kuwa,Jodwa Kuwa,888/5,"Rajiv S/O Vinod,
Arun S/O Sharvan, Himanshu S/O Rakesh",-,Jodwa Kuwa,8958880845,Commercial Self ,110,510,110,510,0,0
998,15-Jodwa Kuwa,Jodwa Kuwa,889,"Ved Parkash,  ",Kapoor Chand,Jodwa Kuwa,-,Commercial Self ,85,399,85,392,0,0
999,15-Jodwa Kuwa,Jodwa Kuwa,890,"Ved Parkash,  ",Kapoor Chand,Jodwa Kuwa,9997391530,Commercial Self ,88,409,88,409,0,0
1000,15-Jodwa Kuwa,Jodwa Kuwa,891,Neetu Verma,W/O Vijay Kumar Verma,Jodwa Kuwa,-,Commercial Self ,800,800,800,800,0,0
1001,15-Jodwa Kuwa,Jodwa Kuwa,892,Ratan Lal,Telu Ram,Jodwa Kuwa,-,Commercial Self ,220,462,220,462,0,0
1002,15-Jodwa Kuwa,Jodwa Kuwa,893,"Mamta Jain W/O Anil Kumar,
Anil Kumar",Karm Chand,Jodwa Kuwa,8909505480,Commercial Self ,67,0,67,0,0,0
1003,15-Jodwa Kuwa,Jodwa Kuwa,894,Sushila Devi,W/O Ramesh Chand,Jodwa Kuwa,9456691030,Commercial Self ,48,0,48,0,0,0
1004,15-Jodwa Kuwa,Jodwa Kuwa,895,Abhay Kumar Jain,Jay Parshad Jain,Jodwa Kuwa,-,Commercial Self ,800,800,800,800,0,0
1005,15-Jodwa Kuwa,Jodwa Kuwa,896,Surender Kumar,Aatma Ram,Jodwa Kuwa,8126880700,Commercial Self ,290,0,290,290,0,0
1006,15-Jodwa Kuwa,Jodwa Kuwa,897,Sarla Devi,W/O Raj Kumar,Jodwa Kuwa,-,Commercial Self ,290,960,290,960,0,0
1007,15-Jodwa Kuwa,Jodwa Kuwa,898,Sarla Devi,W/O Raj Kumar,Jodwa Kuwa,-,Commercial Self ,387,1281,387,1282,0,0
1008,15-Jodwa Kuwa,Jodwa Kuwa,899,Sarla Devi,W/O Raj Kumar,Jodwa Kuwa,-,Commercial Self ,218,723,218,722,0,0
1009,15-Jodwa Kuwa,Jodwa Kuwa,900,Mohan Lal,Jay Bhagwan,Jodwa Kuwa,9837773024,Commercial Self ,218,1012,218,1012,0,0
1010,15-Jodwa Kuwa,Jodwa Kuwa,901,Anoop Jain,Ramesh Chandar Jain,Jodwa Kuwa,8630319940,Commercial Self ,218,0,218,0,0,0
1011,15-Jodwa Kuwa,Jodwa Kuwa,902,Mohan Lal,Jay Bhagwan,Jodwa Kuwa,9411449480,Commercial Self ,254,1178,254,8551,0,0
1012,15-Jodwa Kuwa,Jodwa Kuwa,903,Ramesh Chand,Shri Ram,Jodwa Kuwa,-,Commercial Self ,87,0,87,0,0,0
1013,15-Jodwa Kuwa,Jodwa Kuwa,904,Arvind Rani,W/O Pardeep Kumar,Jodwa Kuwa,9152323262,Commercial Self ,91,422,91,422,0,0
1014,15-Jodwa Kuwa,Jodwa Kuwa,905,"Sudesh Rani W/O Roshan Lal,
Arvind Rani W/O Pardeep Kumar",-,Jodwa Kuwa,8909505480,Residential Self ,154,0,169,0,0,0
1015,15-Jodwa Kuwa,Jodwa Kuwa,906,Sushma Mittal W/O Praveen Kumar,"Gorav ,Miittal S/O Praveen Kumar",Jodwa Kuwa,-,Commercial Self ,87,288,87,288,323,979
1016,15-Jodwa Kuwa,Jodwa Kuwa,907,Suraj Parkash,Dharmbeer,Jodwa Kuwa,9997184530,Commercial Self ,182,844,182,844,0,0
1017,15-Jodwa Kuwa,Jodwa Kuwa,908,Avdhesh Mittal,Sadhu Ram,Jodwa Kuwa,9045439784,Commercial Self ,85,520,85,520,0,0
1018,15-Jodwa Kuwa,Jodwa Kuwa,909,Prabha Rani,Dinesh Kuumar,Jodwa Kuwa,7895774640,Commercial Self ,109,789,109,0,0,0
1019,15-Jodwa Kuwa,Jodwa Kuwa,910,Pinki Verma,W/O Rakesh Verma,Jodwa Kuwa,9411030420,Commercial Self ,44,802,44,268,0,0
1020,15-Jodwa Kuwa,Jodwa Kuwa,911,Usha Rani,W/O Sunil,Jodwa Kuwa,-,Residential Self ,73,1763,73,445,0,0
1021,15-Jodwa Kuwa,Jodwa Kuwa,912,Pinki Verma,W/O Rakesh Verma,Jodwa Kuwa,-,Residential Self ,44,802,44,802,0,0
1022,15-Jodwa Kuwa,Jodwa Kuwa,912/1,Rajiv ,Jagroshan Lal,Jodwa Kuwa,9027091454,Residential Self ,66,0,66,0,0,0
1023,15-Jodwa Kuwa,Jodwa Kuwa,912/2,Mukesh  ,Jagroshan Lal,Jodwa Kuwa,9152434837,Residential Self ,66,0,66,0,0,0
1024,15-Jodwa Kuwa,Jodwa Kuwa,913,"Ramesh Chand, Raj Kumar",Prem Chand,Jodwa Kuwa,-,Residential Self ,66,0,66,0,420,0
1025,15-Jodwa Kuwa,Jodwa Kuwa,914,Nitin Sen,Mahender Kumar,Jodwa Kuwa,8923423600,Residential Self ,66,0,66,0,0,0
1026,15-Jodwa Kuwa,Jodwa Kuwa,915,Santosh Devi,W/O Ratan Lal,Jodwa Kuwa,9997970043,Residential Self ,44,268,44,268,0,0
1027,15-Jodwa Kuwa,Jodwa Kuwa,916,Rajesh Kumar,Ratan Lal,Jodwa Kuwa,9520472805,Residential Self ,67,409,67,409,0,0
1028,15-Jodwa Kuwa,Jodwa Kuwa,917,Raj Dulari,W/O Surender Kumar,Jodwa Kuwa,9027118930,Residential Self ,44,0,44,0,420,5640
1029,15-Jodwa Kuwa,Jodwa Kuwa,918,Kamlesh Wati,W/O Rajender Kumar,Jodwa Kuwa,9760386220,Residential Self ,103,103,103,103,317,317
1030,15-Jodwa Kuwa,Jodwa Kuwa,919,Mukesh Kumar,Rajender Kumar,Jodwa Kuwa,9760386220,Commercial Self ,109,109,109,109,0,0
1031,15-Jodwa Kuwa,Jodwa Kuwa,920,Mukesh Kumar,Rajender Kumar,Jodwa Kuwa,9760386220,Commercial Self ,48,48,48,48,0,0
1032,15-Jodwa Kuwa,Jodwa Kuwa,921,Rakesh Kumar,Rajender Kumar,Jodwa Kuwa,9760386220,Commercial Self ,36,36,0,0,0,0
1033,15-Jodwa Kuwa,Jodwa Kuwa,922,Rakesh Kumar,Rajender Kumar,Jodwa Kuwa,9760386220,Commercial Self ,36,36,0,0,0,0
1034,15-Jodwa Kuwa,Jodwa Kuwa,923,Sandeep Kumar,Surender Kumar,Jodwa Kuwa,9997523171,Commercial Self ,275,0,275,0,0,0
1035,15-Jodwa Kuwa,Jodwa Kuwa,924,Suresh Chand Rana,Ilam Chand,Jodwa Kuwa,9528336683,Commercial Self ,330,0,330,0,0,0
1036,15-Jodwa Kuwa,Jodwa Kuwa,925,"Arya Samaj-Manager Ram
Kumar",-,Jodwa Kuwa,-,Commercial Self ,218,2068,218,2068,0,0
1037,15-Jodwa Kuwa,Jodwa Kuwa,926,Satveeri,W/O Suresh Chand,Jodwa Kuwa,9897217915,Commercial Self ,330,0,330,0,0,0
1038,15-Jodwa Kuwa,Jodwa Kuwa,927,Nand Lal,Jay Kuwarmal,Jodwa Kuwa,8006008390,Commercial Self ,165,0,165,0,0,0
1039,15-Jodwa Kuwa,Jodwa Kuwa,928,Arya Samaj ,-,Jodwa Kuwa,-,Commercial Self ,275,5528,275,4980,0,0
1040,15-Jodwa Kuwa,Jodwa Kuwa,929,Arya Samaj,-,Jodwa Kuwa,-,Commercial Self ,220,4524,220,4014,0,0
1041,15-Jodwa Kuwa,Jodwa Kuwa,930,Pardeep Kumar,Surender Kumar,Jodwa Kuwa,8126880700,Commercial Self ,55,55,55,55,0,0
1042,15-Jodwa Kuwa,Jodwa Kuwa,931,Satyawati,W/O Padam Parshad,Jodwa Kuwa,8532076311,Commercial Self ,182,455,182,182,0,0
1043,15-Jodwa Kuwa,Jodwa Kuwa,932,Satyawati,W/O Padam Parshad,Jodwa Kuwa,8532076311,Commercial Self ,44,44,44,44,0,0
1044,15-Jodwa Kuwa,Jodwa Kuwa,933,Ishrat,W/O Salim,Jodwa Kuwa,-,Commercial Self ,600,2119,600,1260,0,0
1045,15-Jodwa Kuwa,Jodwa Kuwa,934,Raj Kumari,W/O Pardeep Kumar,Jodwa Kuwa,7017730290,Commercial Self ,48,2476,48,2476,0,0
1046,15-Jodwa Kuwa,Jodwa Kuwa,935,Daya Ram,Jay Kumar,Jodwa Kuwa,8006008340,Commercial Self ,61,0,61,0,0,0
1047,15-Jodwa Kuwa,Jodwa Kuwa,936,Nand Lal ,Jay Kumar,Jodwa Kuwa,8006008340,Commercial Self ,55,0,55,0,365,0
1048,15-Jodwa Kuwa,Jodwa Kuwa,937,Daya Ram,Jay Kumar,Jodwa Kuwa,8006008340,Commercial Self ,61,0,61,0,359,0
1049,15-Jodwa Kuwa,Jodwa Kuwa,938,Nand Lal,Jay Kumar,Jodwa Kuwa,8006008340,Commercial Self ,165,0,165,0,0,0
1050,15-Jodwa Kuwa,Jodwa Kuwa,939,Nand Lal,Jay Kumar,Jodwa Kuwa,8006008340,Commercial Self ,165,0,165,0,0,0
1051,15-Jodwa Kuwa,Jodwa Kuwa,940,"Ram Ratan,
Rakesh S/O Ram Ratan",Lal Chand,Jodwa Kuwa,9411030420,Commercial Self ,97,97,97,450,0,0
1052,15-Jodwa Kuwa,Jodwa Kuwa,941,"Ram Ratan,
Rakesh S/O Ram Ratan",Lal Chand,Jodwa Kuwa,9411030420,Residential Self ,44,44,44,204,0,0
1053,15-Jodwa Kuwa,Jodwa Kuwa,942,"Mohd.Hasim,Mohd.Faheem",Mohd.Kasim,Jodwa Kuwa,-,Commercial Self ,121,400,121,400,347,1117
1054,15-Jodwa Kuwa,Jodwa Kuwa,943,"Mohd. Yamin S/O Fazal Azeem,
Ibrahim S/O Khuda Baksh",-,Jodwa Kuwa,9858892381,Commercial Self ,73,0,73,0,0,0
1055,15-Jodwa Kuwa,Jodwa Kuwa,944,Shiv Charan Dass,Basheswar Dayal,Jodwa Kuwa,9837159908,Commercial Self ,128,128,128,128,0,0
1056,15-Jodwa Kuwa,Jodwa Kuwa,945,Shiv Charan Dass,Basheswar Dayal,Jodwa Kuwa,9837159908,Commercial Self ,133,133,133,133,0,0
1057,15-Jodwa Kuwa,Jodwa Kuwa,946,"Sudesh S/O Jay Parkash,
Koshal Rani W/O Ramesh Chand",-,Jodwa Kuwa,9897712984,Commercial Self ,61,0,61,0,0,0
1058,15-Jodwa Kuwa,Jodwa Kuwa,947,"Vinod Kumar,
Laltesh W/O Vinod Kumar",Ram Narayana,Jodwa Kuwa,7417897724,Commercial Self ,145,145,145,0,0,0
1059,15-Jodwa Kuwa,Jodwa Kuwa,948,"Vinod Kumar,
Laltesh W/O Vinod Kumar",Ram Narayana,Jodwa Kuwa,7417897724,Commercial Self ,44,0,44,0,275,275
1060,15-Jodwa Kuwa,Jodwa Kuwa,949,"Mohd. Azeem, Mohd. Ameen",Mohd. Yusuf,Jodwa Kuwa,9997203575,Commercial Self ,109,109,109,109,0,0
1061,15-Jodwa Kuwa,Jodwa Kuwa,950,"Mohd. Azeem, Mohd. Ameen",Mohd. Yusuf,Jodwa Kuwa,9997203575,Residential Self ,55,55,55,55,0,0
1062,15-Jodwa Kuwa,Jodwa Kuwa,951,"Mohd. Azeem, Mohd. Ameen",Mohd. Yusuf,Jodwa Kuwa,9759702220,Commercial Self ,55,55,55,55,0,0
1063,15-Jodwa Kuwa,Jodwa Kuwa,952,"Mohd. Azeem, Mohd. Ameen",Mohd. Yusuf,Jodwa Kuwa,9759702220,Residential Self ,121,121,121,121,0,0
1064,15-Jodwa Kuwa,Jodwa Kuwa,953,Ram Kumar,Avdhi Parshad,Jodwa Kuwa,9897871701,Commercial Self ,61,0,61,0,0,0
1065,15-Jodwa Kuwa,Jodwa Kuwa,954,Kareshan,Ramswaroop,Jodwa Kuwa,9152120006,Residential Self ,44,44,44,145,0,0
1066,15-Jodwa Kuwa,Jodwa Kuwa,955,Dhan Shayam,Jyoti Parshad,Jodwa Kuwa,9027274577,Commercial Self ,73,73,73,73,0,0
1067,15-Jodwa Kuwa,Jodwa Kuwa,956,Kareshan,Ramswaroop,Jodwa Kuwa,9152120006,Residential Self ,44,44,44,44,0,0
1068,15-Jodwa Kuwa,Jodwa Kuwa,957,"Manish,
Kunti W/O Vishwanath",Vishwanath,Jodwa Kuwa,-,Residential Self ,73,73,73,73,347,347
1069,15-Jodwa Kuwa,Jodwa Kuwa,958,Kareshan,Ramswaroop,Jodwa Kuwa,9152120006,Residential Self ,44,108,44,44,376,1464
1070,15-Jodwa Kuwa,Jodwa Kuwa,959,Mitra Sen,Jyoti Parshad,Jodwa Kuwa,8124784480,Commercial Self ,440,440,440,440,0,0
1071,15-Jodwa Kuwa,Jodwa Kuwa,960,Mahadev,Ramswaroop,Jodwa Kuwa,9897235866,Commercial Self ,330,693,330,7734,420,5076
1072,15-Jodwa Kuwa,Jodwa Kuwa,961,Suman W/O Kareshan Lal,Kishan Lal Urf Krishnlal S/O Ram Savroop,Jodwa Kuwa,9084044371,Commercial Self ,2640,12252,2640,56742,0,0
1073,15-Jodwa Kuwa,Jodwa Kuwa,962,Manmohan,Vishwanath,Jodwa Kuwa,8006391197,Commercial Self ,165,165,165,165,0,0
1074,15-Jodwa Kuwa,Jodwa Kuwa,963,Kareshan,Ramswaroop,Jodwa Kuwa,9152120006,Commercial Self ,97,592,97,592,0,0
1075,15-Jodwa Kuwa,Jodwa Kuwa,964,"Kunti Devi W/O Vishwanath,
Manish",Vishwanath,Jodwa Kuwa,7017829240,Commercial Self ,182,182,182,182,0,0
1076,15-Jodwa Kuwa,Jodwa Kuwa,965,Parkasho Devi,W/O Kadam Singh,Jodwa Kuwa,9536021213,Commercial Self ,440,2042,440,2042,0,0
1077,15-Jodwa Kuwa,Jodwa Kuwa,966,Ajay,Dayal Sharan,Jodwa Kuwa,9760430390,Commercial Self ,218,218,218,218,0,0
1078,15-Jodwa Kuwa,Jodwa Kuwa,"967,
968","Rahul Garg, Naman Garg",Prem Chand,Jodwa Kuwa,9719198607,Commercial Self ,440,1456,440,1456,0,0
1079,15-Jodwa Kuwa,Jodwa Kuwa,969,"Pankaj Kumar,
Sunni Singhal S/O Pankaj Kumar",Radhe Shayam  ,Jodwa Kuwa,9258922089,Commercial Self ,87,531,87,531,0,0
1080,15-Jodwa Kuwa,Jodwa Kuwa,970,Avniesh Singhal,Parkash Chand,Jodwa Kuwa,9760775551,Commercial Self ,330,376,376,376,0,0
1081,15-Jodwa Kuwa,Jodwa Kuwa,971,Harun Ali ,Mohd. Sakhi,Jodwa Kuwa,-,Commercial Self ,770,8806,770,9079,0,0
1082,15-Jodwa Kuwa,Jodwa Kuwa,972,Nando Devi,Mangal Sen,Jodwa Kuwa,-,Residential Self ,290,2238,290,2238,0,0
1083,15-Jodwa Kuwa,Jodwa Kuwa,973,Radhe Shayam,Jyoti Parshad,Jodwa Kuwa,9412113561,Commercial Self ,67,0,61,0,0,0
1084,15-Jodwa Kuwa,Jodwa Kuwa,974,Radhe Shayam,Jyoti Parshad,Jodwa Kuwa,9412113561,Residential Self ,330,0,300,0,0,0
1085,15-Jodwa Kuwa,Jodwa Kuwa,975,Radhe Shayam,Jyoti Parshad,Jodwa Kuwa,9412113561,Commercial Self ,97,0,88,0,0,0
1086,15-Jodwa Kuwa,Jodwa Kuwa,976,Sanjay,Parkash Chand,Jodwa Kuwa,9027274306,Commercial Self ,61,0,61,0,359,1057
1087,15-Jodwa Kuwa,Jodwa Kuwa,976/1,"Avnish, Sanjay",Parkash Chand,Jodwa Kuwa,9027274306,Commercial Self ,3960,0,3960,0,0,0
1088,15-Jodwa Kuwa,Jodwa Kuwa,977,Ram Dayal,Puran Chand,Jodwa Kuwa,8923316166,Commercial Self ,55,0,55,0,0,0
1089,15-Jodwa Kuwa,Jodwa Kuwa,978,Ram Dayal,Puran Chand,Jodwa Kuwa,8923316166,Commercial Self ,44,0,44,0,0,0
1090,15-Jodwa Kuwa,Jodwa Kuwa,979,Ram Dayal,Puran Chand,Jodwa Kuwa,8923316166,Commercial Self ,73,0,73,0,0,0
1091,15-Jodwa Kuwa,Jodwa Kuwa,980,Kavar Pal,Asha Ram,Jodwa Kuwa,8439177790,Commercial Self ,472,2190,472,2190,0,0
1092,15-Jodwa Kuwa,Jodwa Kuwa,981,Radhe Shayam,Jyoti Parshad,Jodwa Kuwa,9412113561,Commercial Self ,24,815,0,0,0,0
1093,15-Jodwa Kuwa,Jodwa Kuwa,982,"Bala Devi W/O Kirshan Lal
Manager - Ramshala",Kirshan Lal,Jodwa Kuwa,9760696569,Commercial Self ,121,121,121,121,0,0
1094,15-Jodwa Kuwa,Jodwa Kuwa,983,"Bala Devi W/O Kirshan Lal
Manager - Ramshala",Kirshan Lal,Jodwa Kuwa,9760696569,Commercial Self ,183,183,133,133,0,0
1095,15-Jodwa Kuwa,Jodwa Kuwa,984,"Mandir Ramshala Manager 
Bala Devi W/O Kirshan Lal",Kirshan Lal,Jodwa Kuwa,9760696569,Commercial Self ,0,0,0,0,0,0
1096,15-Jodwa Kuwa,Jodwa Kuwa,985,"Mandir Ramshala Manager 
Bala Devi W/O Kirshan Lal",Kirshan Lal,Jodwa Kuwa,9760696569,Commercial Self ,44,44,44,44,420,444
1097,15-Jodwa Kuwa,Jodwa Kuwa,986,"Mandir Ramshala Manager 
Bala Devi W/O Kirshan Lal",Kirshan Lal,Jodwa Kuwa,9760696569,Commercial Self ,61,61,61,61,0,0
1098,15-Jodwa Kuwa,Jodwa Kuwa,987,"Noor Alam, Khurram Alam,
Shah Alam",Noor Deen,Jodwa Kuwa,-,Commercial Self ,165,1275,165,2375,420,2505
1099,15-Jodwa Kuwa,Jodwa Kuwa,988,"Noor Alam, Khurram Alam,
Shah Alam",Noor Deen,Jodwa Kuwa,-,Commercial Self ,55,426,55,426,0,0
1100,15-Jodwa Kuwa,Jodwa Kuwa,989,"Naseem, Naeem",Yamin,Jodwa Kuwa,9758728281,Commercial Self ,97,450,97,0,0,0
1101,15-Jodwa Kuwa,Jodwa Kuwa,990,Ekta Garg  ,W/O Rakesh Kumar,Jodwa Kuwa,9639132287,Commercial Self ,145,0,145,0,0,0
1102,15-Jodwa Kuwa,Jodwa Kuwa,991,Asgar,Hameed,Jodwa Kuwa,8172844790,Commercial Self ,48,673,48,665,0,0
1103,15-Jodwa Kuwa,Jodwa Kuwa,992,Rakesh Kumar,Nannahmal,Jodwa Kuwa,8808044340,Residential Self ,440,0,440,520,0,0
1104,15-Jodwa Kuwa,Jodwa Kuwa,993,Nitin Garg,Radhe Shayam  ,Jodwa Kuwa,9576826380,Residential Self ,440,0,440,440,0,0
1105,15-Jodwa Kuwa,Jodwa Kuwa,993/1,Mukesh Kumar,Nannahmal,Jodwa Kuwa,7695728063,Residential Self ,550,550,550,550,0,0
1106,15-Jodwa Kuwa,Jodwa Kuwa,994,Mukesh Kumar,Nannahmal,Jodwa Kuwa,6392754480,Commercial Self ,66,66,66,66,354,354
1107,15-Jodwa Kuwa,Jodwa Kuwa,995,"Manoj Kumar, Aadesh Kumar",Dharmveer,Jodwa Kuwa,-,Commercial Self ,278,920,278,920,0,0
1108,15-Jodwa Kuwa,Jodwa Kuwa,996,"Mohd. Azeem, Mohd. Azeez",Mohd. Yusuf,Jodwa Kuwa,9997203575,Commercial Self ,440,2042,440,2042,0,0
1109,15-Jodwa Kuwa,Jodwa Kuwa,996/A,"Mohd. Azeem, Mohd. Azeez",Mohd. Yusuf,Jodwa Kuwa,9997203575,Commercial Self ,88,409,88,409,0,0
1110,15-Jodwa Kuwa,Jodwa Kuwa,997,Sushil Kumar,Ramsharan,Jodwa Kuwa,9720250045,Commercial Self ,605,0,605,605,0,0
1111,15-Jodwa Kuwa,Jodwa Kuwa,998,Rohit,Subhash,Jodwa Kuwa,7895602400,Commercial Self ,2640,8738,2640,8738,0,0
1112,15-Jodwa Kuwa,Jodwa Kuwa,999,Ratan Manzri,W/O Ram Narayana,Jodwa Kuwa,9045990036,Commercial Self ,605,1491,605,1276,0,0
1113,15-Jodwa Kuwa,Jodwa Kuwa,1000,Mohd. Afzal,Mohd. Akhlak,Jodwa Kuwa,8791081065,Commercial Self ,800,800,800,800,0,0
1114,15-Jodwa Kuwa,Jodwa Kuwa,1001,"Parveen Kumar,
Kavita Rani W/O Parveen Kumar",Shiv Lal,Jodwa Kuwa,8991650871,Commercial Self ,85,0,85,0,335,335
1115,15-Jodwa Kuwa,Jodwa Kuwa,1002,Anil Kumar ,Prem Chand,Jodwa Kuwa,8791729579,Commercial Self ,79,765,79,1084,0,0
1116,15-Jodwa Kuwa,Jodwa Kuwa,1003,Anil Kumar,Prem Chand,Jodwa Kuwa,8791729579,Commercial Self ,43,667,43,363,0,0
1117,15-Jodwa Kuwa,Jodwa Kuwa,1004,Ikbal,Karam Ilahi,Jodwa Kuwa,9319797773,Commercial Self ,65,2521,65,2013,0,0
1118,15-Jodwa Kuwa,Jodwa Kuwa,1005,Veshaya Sabha Kairana,-,Jodwa Kuwa,8439583415,Commercial Self ,363,0,363,0,0,0
1119,15-Jodwa Kuwa,Jodwa Kuwa,1006,Arya Samaj Kairana,-,Jodwa Kuwa,-,Commercial Self ,121,1661,121,1661,0,0
1120,15-Jodwa Kuwa,Jodwa Kuwa,1007,Sudesh Kumar,Chetan Lal,Jodwa Kuwa,9359227394,Residential Self ,61,202,61,202,0,0
1121,15-Jodwa Kuwa,Jodwa Kuwa,1007/1,Sudesh Kumar,Chetan Lal,Jodwa Kuwa,9359227394,Commercial Self ,61,202,61,202,0,0
1122,15-Jodwa Kuwa,Jodwa Kuwa,1008,Mehboob Ilahi,Karam Ilahi,Jodwa Kuwa,7247800803,Commercial Self ,73,153,0,0,0,0
1123,15-Jodwa Kuwa,Jodwa Kuwa,1009,Mehboob Ilahi,Karam Ilahi,Jodwa Kuwa,7247800803,Commercial Self ,44,92,0,0,0,0
1124,15-Jodwa Kuwa,Jodwa Kuwa,1010,Mohd. Akram,Mohd. Taqi,Jodwa Kuwa,9058348178,Commercial Self ,48,101,48,101,0,0
1125,15-Jodwa Kuwa,Jodwa Kuwa,1011,"Kumar Jain, Shweta Jain W/O Mayank Jain",-,Jodwa Kuwa,-,Residential Self ,44,0,44,0,376,0
1126,15-Jodwa Kuwa,Jodwa Kuwa,1012,"Sushil , Dinesh",Radhe Shayam  ,Jodwa Kuwa,9690580910,Residential Self ,48,49,48,48,0,0
1127,15-Jodwa Kuwa,Jodwa Kuwa,1013,Subhash Chand,Ilam Chand,Jodwa Kuwa,8368693287,Residential Self ,44,204,44,204,420,1640
1128,15-Jodwa Kuwa,Jodwa Kuwa,1014,Rakesh(Titu),Om Parkash,Jodwa Kuwa,7417508583,Residential Self ,48,0,48,0,372,0
1129,15-Jodwa Kuwa,Jodwa Kuwa,1015,"Jhumki Devi W/O Radhe Shayam,
Sushil",Radhe Shayam  ,Jodwa Kuwa,-,Residential Self ,55,116,55,55,420,468
1130,15-Jodwa Kuwa,Jodwa Kuwa,1016,"Jhumki Devi W/O Radhe Shayam,
Sushil",Radhe Shayam  ,Jodwa Kuwa,-,Residential Self ,220,462,220,220,0,0
1131,15-Jodwa Kuwa,Jodwa Kuwa,1016/1,"Jhumki Devi W/O Radhe Shayam,
Sushil",Radhe Shayam  ,Jodwa Kuwa,-,Residential Self ,61,61,55,55,0,0
1132,15-Jodwa Kuwa,Jodwa Kuwa,1017,Chetan Lal,Girdhari Lal,Jodwa Kuwa,9410063419,Residential Self ,48,0,48,0,0,0
1133,15-Jodwa Kuwa,Jodwa Kuwa,1018,Navin(Billu),Ved Parkash,Jodwa Kuwa,8708116785,Residential Self ,121,121,121,121,299,299
1134,15-Jodwa Kuwa,Jodwa Kuwa,1019,"Veshaya Sabha Kairana Manager
Anil Kumar",-,Jodwa Kuwa,8439583415,Residential Self ,73,339,0,0,0,0
1135,15-Jodwa Kuwa,Jodwa Kuwa,1020,"Veshaya Sabha Kairana Manager
Anil Kumar",-,Jodwa Kuwa,8439583415,Temple ,0,0,0,0,0,0
1136,15-Jodwa Kuwa,Jodwa Kuwa,1021,Veshaya Sabha Kairana,-,Jodwa Kuwa,8439583415,Commercial Self ,97,748,97,592,0,0
1137,15-Jodwa Kuwa,Jodwa Kuwa,1022,Jannat,W/O Abdul Wahid,Jodwa Kuwa,-,Residential Self ,164,760,164,760,0,0
1138,15-Jodwa Kuwa,Jodwa Kuwa,1023,Ram Kumar,Shayam Lal,Jodwa Kuwa,7503738795,Residential Self ,73,468,73,338,0,0
1139,15-Jodwa Kuwa,Jodwa Kuwa,1024,"Ashok Kumar S/O Kaan Singh,
Kaan Singh",Bhajan Lal,Jodwa Kuwa,8218490180,Residential Self ,73,338,73,338,0,0
1140,15-Jodwa Kuwa,Jodwa Kuwa,1025,Ravinder Kumar,Ved Parkash,Jodwa Kuwa,9917129512,Residential Self ,73,0,73,0,0,0
1141,15-Jodwa Kuwa,Jodwa Kuwa,1026,Anil Kumar,Shiv Charan,Jodwa Kuwa,9897941245,Residential Self ,242,242,242,242,0,0
1142,15-Jodwa Kuwa,Jodwa Kuwa,1027,Jagdish Parshad,Ramswaroop,Jodwa Kuwa,9837067282,Residential Self ,103,0,103,0,0,0
1143,15-Jodwa Kuwa,Jodwa Kuwa,1028,Deepak Kumar,Mahender Kumar,Jodwa Kuwa,9556979912,Commercial Self ,103,0,103,0,0,0
1144,15-Jodwa Kuwa,Jodwa Kuwa,1029,Ram Kumar ,Shayam Lal,Jodwa Kuwa,9410620386,Commercial Self ,79,79,79,79,341,1003
1145,15-Jodwa Kuwa,Jodwa Kuwa,1030,Narender  ,Hukum Chand,Jodwa Kuwa,9927299053,Commercial Self ,55,183,55,426,0,0
1146,15-Jodwa Kuwa,Jodwa Kuwa,1031,"Krishana Devi W/O Vinod Kumar,
Vinod Kumar",Budh Parkash,Jodwa Kuwa,9897541286,Commercial Self ,109,506,109,506,0,0
1147,15-Jodwa Kuwa,Jodwa Kuwa,1032,Aatma Ram,Rehtu Lal,Jodwa Kuwa,9897941056,Commercial Self ,48,0,44,0,372,24
1148,15-Jodwa Kuwa,Jodwa Kuwa,1033,"Arvind, Kamal",Harswaroop,Jodwa Kuwa,9997969556,Commercial Self ,44,0,44,0,0,0
1149,15-Jodwa Kuwa,Jodwa Kuwa,1034,"Arvind, Kamal",Harswaroop,Jodwa Kuwa,9997969556,Commercial Self ,44,0,44,0,376,0
1150,15-Jodwa Kuwa,Jodwa Kuwa,1035,"Arvind, Kamal",Harswaroop,Jodwa Kuwa,9997969556,Residential Self ,67,0,67,0,0,0
1151,15-Jodwa Kuwa,Jodwa Kuwa,1036,Rajender Kumar,Inder Sen,Jodwa Kuwa,-,Commercial Self ,121,0,121,0,299,0
1152,15-Jodwa Kuwa,Jodwa Kuwa,1036/1,"Avikas, Avilas, Avishal, Avit, Ankur",Naresh Mittal,Jodwa Kuwa,9837068121,Commercial Self ,0,0,97,748,323,1758
1153,15-Jodwa Kuwa,Jodwa Kuwa,1037,"Kalawati W/O Prushottam,
Nand Lal, Surender, Inder, Naresh, Mohan, Jogi S/O Neki Ram",Neki Ram,Jodwa Kuwa,9837248142,Commercial Self ,67,67,67,2511,353,377
1154,15-Jodwa Kuwa,Jodwa Kuwa,1038,"Ram Avtar, Neeraj S/O Laxmi Chand,
Shelbala W/O Laxmichand",Laxmi Chand,Jodwa Kuwa,9412583560,Residential Self ,48,0,48,0,372,1096
1155,15-Jodwa Kuwa,Jodwa Kuwa,1039,"Laxmi Chand, Naresh Chand",Roop Chand,Jodwa Kuwa,9410620485,Residential Self ,67,0,67,0,353,1039
1156,15-Jodwa Kuwa,Jodwa Kuwa,1040,Sheela Devi,W/O Babu Ram,Jodwa Kuwa,-,Residential Self ,44,0,44,44,376,752
1157,15-Jodwa Kuwa,Jodwa Kuwa,1041,"Parmod Kumar S/O Shiv Charan,
Parmeshwari W/O Baseshwar Dayal",-,Jodwa Kuwa,9897564121,Residential Self ,67,0,67,0,353,0
1158,15-Jodwa Kuwa,Jodwa Kuwa,1042,"Arvind Mittal, Kamal Mittal",Harswaroop,Jodwa Kuwa,9997969556,Residential Self ,48,0,48,0,0,0
1159,15-Jodwa Kuwa,Jodwa Kuwa,1043,"Arvind Mittal, Kamal Mittal",Harswaroop,Jodwa Kuwa,9997969556,Commercial Self ,48,0,48,0,376,0
1160,15-Jodwa Kuwa,Jodwa Kuwa,1044,Deepak ,Laxmi Chand,Jodwa Kuwa,9997637511,Residential Self ,0,0,0,0,0,0
1161,15-Jodwa Kuwa,Jodwa Kuwa,1045,Raj Kumar,Roop Chand,Jodwa Kuwa,-,Commercial Self ,0,0,0,0,0,0
1162,15-Jodwa Kuwa,Jodwa Kuwa,1046,Kuldeep,Amar Singh,Jodwa Kuwa,9568624156,Commercial Self ,218,0,218,0,202,0
1163,15-Jodwa Kuwa,Jodwa Kuwa,1047,"Arvind Mittal, Kamal Mittal",Harswaroop,Jodwa Kuwa,9997969556,Commercial Self ,48,0,48,0,0,0
1164,15-Jodwa Kuwa,Jodwa Kuwa,1048,Arvind,Harswaroop,Jodwa Kuwa,9997969556,Commercial Self ,242,0,242,0,0,0
1165,15-Jodwa Kuwa,Jodwa Kuwa,1049,"Arvind Mittal, Kamal Mittal",Harswaroop,Jodwa Kuwa,9997969556,Commercial Self ,242,0,242,0,0,0
1166,15-Jodwa Kuwa,Jodwa Kuwa,"1050,
1051","Arvind Mittal, Kamal Mittal",Harswaroop,Jodwa Kuwa,9997969556,Commercial Self ,110,0,110,0,0,0
1167,15-Jodwa Kuwa,Jodwa Kuwa,1052,"Arvind Mittal, Kamal Mittal",Harswaroop,Jodwa Kuwa,9997969556,Commercial Self ,110,0,110,0,0,0
1168,15-Jodwa Kuwa,Jodwa Kuwa,1053,"Arvind Mittal, Kamal Mittal",Harswaroop,Jodwa Kuwa,9997969556,Commercial Self ,121,0,121,0,0,0
1169,15-Jodwa Kuwa,Jodwa Kuwa,"1054,
1055,1056","Arvind Mittal, Kamal Mittal",Harswaroop,Jodwa Kuwa,9997969556,Commercial Self ,110,0,110,0,0,0
1170,15-Jodwa Kuwa,Jodwa Kuwa,1057,"Arvind Mittal, Kamal Mittal",Harswaroop,Jodwa Kuwa,9997969556,Commercial Self ,242,0,242,0,0,0
1171,15-Jodwa Kuwa,Jodwa Kuwa,1058,"Arvind Mittal, Kamal Mittal",Harswaroop,Jodwa Kuwa,9997969556,Commercial Self ,110,0,110,0,0,0
1172,15-Jodwa Kuwa,Jodwa Kuwa,"1059,
1060","Arvind Mittal, Kamal Mittal",Harswaroop,Jodwa Kuwa,9997969556,Commercial Self ,110,0,110,0,0,0
1173,15-Jodwa Kuwa,Jodwa Kuwa,1061,Kamal Swaroop,Harswaroop,Jodwa Kuwa,9997969556,Commercial Self ,220,0,220,0,0,0
1174,15-Jodwa Kuwa,Jodwa Kuwa,1062,Kamal Swaroop,Harswaroop,Jodwa Kuwa,9997969556,Commercial Self ,73,0,73,0,0,0
1175,15-Jodwa Kuwa,Jodwa Kuwa,1063,Ramesh Chand,Ram Sharan,Jodwa Kuwa,9557412216,Commercial Self ,87,0,87,0,0,0
1176,15-Jodwa Kuwa,Jodwa Kuwa,1064,Sharvan Kumar,Suraj Bhan,Jodwa Kuwa,7252974074,Commercial Self ,61,61,61,61,0,0
1177,15-Jodwa Kuwa,Jodwa Kuwa,1065,"Narender Kumar, Sharvan Kumar",Suraj Bhan,Jodwa Kuwa,9837959292,Commercial Self ,91,91,91,91,323,323
1178,15-Jodwa Kuwa,Jodwa Kuwa,1066,Rajender Kumar,Suraj Bhan,Jodwa Kuwa,9837959292,Commercial Self ,73,82,73,73,0,0
1179,15-Jodwa Kuwa,Jodwa Kuwa,1067,Surender Kumar,Suraj Bhan,Jodwa Kuwa,9837959292,Commercial Self ,73,0,73,0,347,0
1180,15-Jodwa Kuwa,Jodwa Kuwa,1068,Basheshwar Dayal,Barhmanand,Jodwa Kuwa,9412853655,Commercial Self ,48,48,48,48,0,0
1181,15-Jodwa Kuwa,Jodwa Kuwa,1069,Naresh Chand,Roop Chand,Jodwa Kuwa,-,Commercial Self ,440,6988,440,6988,0,0
1182,15-Jodwa Kuwa,Jodwa Kuwa,1070,Naresh Chand,Roop Chand,Jodwa Kuwa,-,Residential Self ,44,683,44,595,0,0
1183,15-Jodwa Kuwa,Jodwa Kuwa,1071,"Usha Rani W/O Ramesh Chand,
Anshul Kumar, Anuj Mittal, Nitin Mittal",Ramesh Chand,Jodwa Kuwa,9897854812,Commercial Self ,1200,0,1200,0,0,0
1184,15-Jodwa Kuwa,Jodwa Kuwa,1072,"Azab Singh, Sompal, Inder Pal,
Subhash Chand",Kapoor Chand,Jodwa Kuwa,8923316661,Commercial Self ,73,295,73,0,0,0
1185,15-Jodwa Kuwa,Jodwa Kuwa,1073,"Azab Singh, Sompal, Inder Pal,
Subhash Chand",Kapoor Chand,Jodwa Kuwa,8923316661,Commercial Self ,116,116,116,0,304,304
1186,15-Jodwa Kuwa,Jodwa Kuwa,1074,"Usha Rani W/O Ramesh Chand,
Anshul Kumar, Anuj Mittal, Nitin Mittal",Ramesh Chand,Jodwa Kuwa,-,Residential Self ,150,0,150,403,0,0
1187,15-Jodwa Kuwa,Jodwa Kuwa,1075,"Usha Rani W/O Ramesh Chand,
Anshul Kumar, Anuj Mittal, Nitin Mittal",Ramesh Chand,Jodwa Kuwa,-,Residential Self ,150,0,150,0,270,294
1188,15-Jodwa Kuwa,Jodwa Kuwa,1076,"Tarun Kumar, Varun Kumar",Surender Kumar,Jodwa Kuwa,9897545516,Commercial Self ,73,0,73,0,0,0
1189,15-Jodwa Kuwa,Jodwa Kuwa,1077,"Tarun Kumar, Varun Kumar",Surender Kumar,Jodwa Kuwa,9897545516,Commercial Self ,61,0,61,0,0,0
1190,15-Jodwa Kuwa,Jodwa Kuwa,1078,Naresh Chand,Babu Ram,Jodwa Kuwa,9058340489,Residential Self ,44,44,44,0,0,0
1191,15-Jodwa Kuwa,Jodwa Kuwa,1079,Naresh Chand,Babu Ram,Jodwa Kuwa,9058340489,Commercial Self ,85,85,73,73,0,0
1192,15-Jodwa Kuwa,Jodwa Kuwa,1080,Naresh Chand,Babu Ram,Jodwa Kuwa,9058340489,Commercial Self ,73,73,73,73,0,0
1193,15-Jodwa Kuwa,Jodwa Kuwa,1081,Naresh Chand,Babu Ram,Jodwa Kuwa,9058340489,Commercial Self ,116,116,116,116,0,0
1194,15-Jodwa Kuwa,Jodwa Kuwa,1082,"Avikas, Avilas, Avishal, Avit, Ankur",Naresh Chand,Jodwa Kuwa,8218510481,Commercial Self ,73,1116,73,1160,0,0
1195,15-Jodwa Kuwa,Jodwa Kuwa,1083,Laxmi Chand,Roop Chand,Jodwa Kuwa,9412583660,Commercial Self ,55,0,55,0,0,0
1196,15-Jodwa Kuwa,Jodwa Kuwa,1084,Veshaya Sabha Kairana,-,Jodwa Kuwa,8439583415,Commercial Self ,136,10619,136,10029,0,0
1197,15-Jodwa Kuwa,Jodwa Kuwa,1085,Veshaya Sabha Kairana,-,Jodwa Kuwa,8439583415,Commercial Self ,145,674,145,1708,0,0
1198,15-Jodwa Kuwa,Jodwa Kuwa,1086,Veshaya Sabha Kairana,-,Jodwa Kuwa,8439583415,Commercial Self ,290,10864,290,10733,0,0
1199,15-Jodwa Kuwa,Jodwa Kuwa,1087,Veshaya Sabha Kairana,-,Jodwa Kuwa,8439583415,Commercial Self ,121,561,121,561,420,1640
1200,15-Jodwa Kuwa,Jodwa Kuwa,1088,Veshaya Sabha Kairana,-,Jodwa Kuwa,8439583415,Commercial Self ,424,6735,424,6736,0,0
1201,15-Jodwa Kuwa,Jodwa Kuwa,1089,Veshaya Sabha Kairana,-,Jodwa Kuwa,8439583415,Commercial Self ,228,938,228,0,0,0
1202,15-Jodwa Kuwa,Jodwa Kuwa,1090,Veshaya Sabha Kairana,-,Jodwa Kuwa,8439583415,Commercial Self ,378,0,378,0,0,0
1203,15-Jodwa Kuwa,Jodwa Kuwa,1091,Veshaya Sabha Kairana,-,Jodwa Kuwa,8439583415,Commercial Self ,581,0,581,0,0,0
1204,15-Jodwa Kuwa,Jodwa Kuwa,1092,Veshaya Sabha Kairana,-,Jodwa Kuwa,8439583415,Commercial Self ,101,0,101,0,0,0
1205,15-Jodwa Kuwa,Jodwa Kuwa,1093,Bijender Goyal,-,Jodwa Kuwa,9897524178,Commercial Self ,73,688,73,563,0,0
1206,15-Jodwa Kuwa,Jodwa Kuwa,1094,Bijender Goyal,-,Jodwa Kuwa,9897524178,Commercial Self ,109,842,109,842,0,0
1207,15-Jodwa Kuwa,Jodwa Kuwa,167/1,Ajay,Nirankar,Jodwa Kuwa,9557454874,Residential Self ,44,145,44,0,0,0
1208,15-Jodwa Kuwa,Jodwa Kuwa,168/2,Shiv Kumar,Nirankar,Jodwa Kuwa,9837451478,Residential Self ,44,44,44,0,376,376
1209,15-Jodwa Kuwa,Jodwa Kuwa,219/1,Israr Ahamad,Mohammad Akhlak,Jodwa Kuwa,9557424576,Residential Self ,450,0,450,0,0,0
1210,15-Jodwa Kuwa,Jodwa Kuwa,1030/1,"Nafees Ahamad S/O Naseer Ahamad,
Nusrat W/O Nafees Ahamad",Naseer Ahamad,Jodwa Kuwa,9837856547,Residential Self ,2000,2000,2000,2000,0,0
1211,15-Jodwa Kuwa,Jodwa Kuwa,1014/1,Saveta Jain,Mayank Jain,Jodwa Kuwa, -, -,159,0,159,0,0,0
